-- phpMyAdmin SQL Dump
-- version 5.2.1
-- https://www.phpmyadmin.net/
--
-- Servidor: 127.0.0.1
-- Tiempo de generación: 05-11-2024 a las 17:30:59
-- Versión del servidor: 10.4.32-MariaDB
-- Versión de PHP: 8.0.30

SET SQL_MODE = "NO_AUTO_VALUE_ON_ZERO";
START TRANSACTION;
SET time_zone = "+00:00";


/*!40101 SET @OLD_CHARACTER_SET_CLIENT=@@CHARACTER_SET_CLIENT */;
/*!40101 SET @OLD_CHARACTER_SET_RESULTS=@@CHARACTER_SET_RESULTS */;
/*!40101 SET @OLD_COLLATION_CONNECTION=@@COLLATION_CONNECTION */;
/*!40101 SET NAMES utf8mb4 */;

--
-- Base de datos: `contigovoy3`
--

-- --------------------------------------------------------

--
-- Estructura de tabla para la tabla `areafamiliar`
--

CREATE TABLE `areafamiliar` (
  `IdFamiliar` int(11) NOT NULL,
  `IdPaciente` int(11) DEFAULT NULL,
  `NomPadre` varchar(30) NOT NULL,
  `EstadoPadre` varchar(80) NOT NULL,
  `NomMadre` varchar(30) NOT NULL,
  `EstadoMadre` varchar(80) NOT NULL,
  `NomApoderado` varchar(30) NOT NULL,
  `EstadoApoderado` varchar(80) NOT NULL,
  `CantHermanos` int(11) DEFAULT NULL,
  `CantHijos` int(11) DEFAULT NULL,
  `IntegracionFamiliar` varchar(100) NOT NULL,
  `HistorialFamiliar` varchar(100) NOT NULL,
  `FechaRegistro` datetime DEFAULT current_timestamp()
) ENGINE=InnoDB DEFAULT CHARSET=utf8mb4 COLLATE=utf8mb4_general_ci;

--
-- Volcado de datos para la tabla `areafamiliar`
--

INSERT INTO `areafamiliar` (`IdFamiliar`, `IdPaciente`, `NomPadre`, `EstadoPadre`, `NomMadre`, `EstadoMadre`, `NomApoderado`, `EstadoApoderado`, `CantHermanos`, `CantHijos`, `IntegracionFamiliar`, `HistorialFamiliar`, `FechaRegistro`) VALUES
(1, 48, 'Manuel', 'Soltero/a', 'Manuela', 'Soltero/a', 'Manuel', 'Soltero/a', 2, 0, 'Das', 'FadA', '2024-07-18 13:09:15');

-- --------------------------------------------------------

--
-- Estructura de tabla para la tabla `atencionpaciente`
--

CREATE TABLE `atencionpaciente` (
  `IdAtencion` int(11) NOT NULL,
  `IdPaciente` int(11) NOT NULL,
  `IdEnfermedad` int(11) DEFAULT NULL,
  `MotivoConsulta` varchar(100) NOT NULL,
  `FormaContacto` varchar(100) NOT NULL,
  `Diagnostico` varchar(500) NOT NULL,
  `Tratamiento` varchar(500) NOT NULL,
  `Observacion` varchar(500) NOT NULL,
  `UltimosObjetivos` varchar(500) NOT NULL,
  `FechaRegistro` datetime DEFAULT current_timestamp()
) ENGINE=InnoDB DEFAULT CHARSET=utf8mb4 COLLATE=utf8mb4_general_ci;

--
-- Volcado de datos para la tabla `atencionpaciente`
--

INSERT INTO `atencionpaciente` (`IdAtencion`, `IdPaciente`, `IdEnfermedad`, `MotivoConsulta`, `FormaContacto`, `Diagnostico`, `Tratamiento`, `Observacion`, `UltimosObjetivos`, `FechaRegistro`) VALUES
(2, 44, 2, 'saludar', 'nolose', 'sdaasda', 'dadad', 'adada', 'dadad', '2023-11-20 11:14:36'),
(5, 48, 1, 'test1', 'test2', 'test3', 'test4', 'test 12', 'test6', '2024-07-06 09:31:58'),
(6, 48, 1, 'test1', 'test2', 'test3', 'test4', 'test5', 'test6a', '2024-07-06 09:48:06'),
(7, 48, 16, 'test1', 'test2', 'Depresion', 'Paracetamol', 'Nada aun', 'ayudarlo', '2024-07-15 13:02:26'),
(11, 49, 4, 'Ansiedad Comer', 'Celular o correo', 'Come demasiado por sobrepensar', 'Dieta y tratamiento 2 veces a la semana', 'Puede mejorar si pone de su parte y apoyo familiar', 'Come cada vez menos al pensar en cosas a futuro', '2024-10-18 12:38:59'),
(13, 58, 4, 'Desinteres de socializar', 'Whatsapp', 'No desea conversar con nadie ni familiares', 'Primer encuentro por zoom', 'Tener cuidado al atenderlo o dirigirse', 'Acepto la cita online', '2024-10-28 11:15:33');

-- --------------------------------------------------------

--
-- Estructura de tabla para la tabla `cita`
--

CREATE TABLE `cita` (
  `IdCita` int(11) NOT NULL,
  `IdPaciente` int(11) DEFAULT NULL,
  `MotivoCita` varchar(500) NOT NULL,
  `EstadoCita` varchar(100) NOT NULL,
  `FechaInicioCita` datetime DEFAULT NULL,
  `DuracionCita` int(11) NOT NULL,
  `TipoCita` varchar(100) NOT NULL,
  `ColorFondo` varchar(10) NOT NULL,
  `IdPsicologo` int(11) NOT NULL,
  `CanalCita` varchar(100) NOT NULL,
  `EtiquetaCita` varchar(100) NOT NULL,
  `FechaRegistro` datetime DEFAULT current_timestamp(),
  `FechaFinCita` datetime DEFAULT NULL
) ENGINE=InnoDB DEFAULT CHARSET=utf8mb4 COLLATE=utf8mb4_general_ci;

--
-- Volcado de datos para la tabla `cita`
--

INSERT INTO `cita` (`IdCita`, `IdPaciente`, `MotivoCita`, `EstadoCita`, `FechaInicioCita`, `DuracionCita`, `TipoCita`, `ColorFondo`, `IdPsicologo`, `CanalCita`, `EtiquetaCita`, `FechaRegistro`, `FechaFinCita`) VALUES
(11, 44, 'sdaasd', 'Se requiere confirmacion', '2023-11-24 15:16:00', 15, 'Visita de control', '#f38238', 2, 'Marketing Directo', 'Consulta', '2023-11-20 11:13:54', '2023-11-24 15:31:00'),
(12, 44, 'asdasd', 'Confirmado', '2023-12-15 17:44:00', 20, 'Visita de control', '#f38238', 2, 'Cita Online', 'Familia Referida', '2023-12-02 12:44:43', '2023-12-15 18:04:00'),
(13, 44, 'asdadasda', 'Confirmado', '2024-04-17 00:14:00', 5, 'Primera Visita', '#f38238', 2, 'Cita Online', 'Consulta', '2024-04-04 21:14:50', '2024-04-17 00:19:00'),
(14, 44, 'adasd', 'Confirmado', '2024-04-04 22:16:00', 5, 'Primera Visita', '#f38238', 2, 'Cita Online', 'Consulta', '2024-04-04 21:15:22', '2024-04-04 22:21:00'),
(17, 46, 'Intento de suicidio', 'Confirmado', '2024-04-30 07:54:00', 50, 'Primera Visita', '#f38238', 6, 'Cita Online', 'Consulta', '2024-04-30 11:53:05', '2024-04-30 08:44:00'),
(21, 48, 'test', 'Confirmado', '2024-07-06 13:30:00', 45, 'Primera Visita', '#000000', 13, 'Online Appointment', '', '2024-07-06 09:27:07', '2024-07-06 14:14:00'),
(22, 48, 'test40', 'Se requiere confirmacion', '2024-07-06 19:40:00', 20, 'Primera Visita', '#f38238', 13, 'Cita Online', 'Prioridad', '2024-07-06 09:46:23', '2024-07-06 20:00:00'),
(23, 48, 'Estoy mal aa', 'Se requiere confirmacion', '2024-07-19 12:00:00', 15, 'Visita de control', '#f38238', 13, 'Cita Online', 'Consulta', '2024-07-18 10:16:53', '2024-07-19 12:15:00'),
(24, 48, 'Prueba', 'Se requiere confirmacion', '2024-07-18 14:00:00', 15, 'Visita de control', '#9274b3', 13, 'Cita Online', 'Consulta', '2024-07-18 12:52:47', '2024-07-18 14:15:00'),
(26, 49, 'Tuvo otro ataque de ansiedad, cambiando', 'Confirmado', '2024-10-24 15:16:00', 50, 'Visita de control', '#000000', 13, 'Online Appointment', '', '2024-10-19 10:48:44', NULL),
(31, 58, 'Se encuentra muy mal de salud', 'Confirmado', '2024-11-01 10:49:00', 45, 'Primera Visita', '#9274b3', 13, 'Cita Online', 'Prioridad', '2024-10-28 10:46:24', '2024-11-01 11:34:00'),
(32, 48, '', 'Se requiere confirmacion', '2024-11-05 00:00:00', 5, 'Visita de control', '#f38238', 13, 'Cita Online', 'Consulta', '2024-11-05 11:11:30', '0000-00-00 00:00:00');

-- --------------------------------------------------------

--
-- Estructura de tabla para la tabla `contacto`
--

CREATE TABLE `contacto` (
  `id` int(11) NOT NULL,
  `nombre` varchar(255) NOT NULL,
  `telefono` varchar(20) NOT NULL,
  `email` varchar(255) NOT NULL,
  `mensaje` text NOT NULL
) ENGINE=InnoDB DEFAULT CHARSET=utf8mb4 COLLATE=utf8mb4_general_ci;

--
-- Volcado de datos para la tabla `contacto`
--

INSERT INTO `contacto` (`id`, `nombre`, `telefono`, `email`, `mensaje`) VALUES
(1, 'prueba1', '987654321', 'prueba@gmail.com', 'prueba de contacto'),
(2, 'Juan Pérez', '5551234567', 'juan.perez@example.com', 'Me gustaría saber más sobre sus servicios.'),
(3, 'María López', '5552345678', 'maria.lopez@example.com', '¿Cuál es el horario de atención?'),
(4, 'Carlos García', '5553456789', 'carlos.garcia@example.com', 'Necesito ayuda con mi cuenta.'),
(5, 'Ana Martínez', '5554567890', 'ana.martinez@example.com', 'Quisiera hacer una sugerencia.'),
(6, 'Luis Rodríguez', '5555678901', 'luis.rodriguez@example.com', 'Tengo un problema con el pago.'),
(7, 'Laura Fernández', '5556789012', 'laura.fernandez@example.com', '¿Cómo puedo cambiar mi contraseña?'),
(8, 'Jorge Sánchez', '5557890123', 'jorge.sanchez@example.com', 'Gracias por su excelente servicio.'),
(9, 'Paula Ramírez', '5558901234', 'paula.ramirez@example.com', 'Quisiera saber más sobre las promociones.'),
(10, 'Ricardo Torres', '5559012345', 'ricardo.torres@example.com', '¿Tienen servicio al cliente en línea?'),
(11, 'Sofía Gómez', '5550123456', 'sofia.gomez@example.com', 'Necesito asistencia con mi pedido.'),
(12, 'Daniel Díaz', '5551234568', 'daniel.diaz@example.com', '¿Puedo cancelar mi suscripción?'),
(13, 'Marta Morales', '5552345679', 'marta.morales@example.com', 'Me gustaría recibir más información.'),
(14, 'Miguel Ruiz', '5553456780', 'miguel.ruiz@example.com', 'Tengo una consulta sobre los productos.'),
(15, 'Sara Ortiz', '5554567891', 'sara.ortiz@example.com', 'Quisiera hablar con un representante.'),
(16, 'Pedro Jiménez', '5555678902', 'pedro.jimenez@example.com', '¿Cómo puedo hacer un seguimiento de mi pedido?'),
(17, 'Elena Herrera', '5556789013', 'elena.herrera@example.com', 'Necesito ayuda urgente.'),
(18, 'Gabriel Castro', '5557890124', 'gabriel.castro@example.com', 'Gracias por resolver mi problema rápidamente.'),
(19, 'Patricia Molina', '5558901235', 'patricia.molina@example.com', '¿Tienen servicio en otras ciudades?'),
(20, 'Fernando Vega', '5559012346', 'fernando.vega@example.com', '¿Puedo programar una cita?'),
(21, 'Raquel Flores', '5550123457', 'raquel.flores@example.com', '¿Qué métodos de pago aceptan?'),
(22, 'Hugo Álvarez', '5551234569', 'hugo.alvarez@example.com', 'Me gustaría recibir una cotización.'),
(23, 'Clara Ramos', '5552345680', 'clara.ramos@example.com', 'Tengo una queja sobre el servicio.'),
(24, 'Iván Romero', '5553456781', 'ivan.romero@example.com', '¿Pueden enviar información por correo?'),
(25, 'Alicia Rivas', '5554567892', 'alicia.rivas@example.com', '¿Cuál es el tiempo de respuesta?'),
(26, 'Pablo Medina', '5555678903', 'pablo.medina@example.com', 'Quisiera saber más sobre su política de devoluciones.');

-- --------------------------------------------------------

--
-- Estructura de tabla para la tabla `departamento`
--

CREATE TABLE `departamento` (
  `id` varchar(2) NOT NULL,
  `name` varchar(45) NOT NULL
) ENGINE=InnoDB DEFAULT CHARSET=utf8 COLLATE=utf8_general_ci;

--
-- Volcado de datos para la tabla `departamento`
--

INSERT INTO `departamento` (`id`, `name`) VALUES
('01', 'Amazonas'),
('02', 'Áncash'),
('03', 'Apurímac'),
('04', 'Arequipa'),
('05', 'Ayacucho'),
('06', 'Cajamarca'),
('07', 'Callao'),
('08', 'Cusco'),
('09', 'Huancavelica'),
('10', 'Huánuco'),
('11', 'Ica'),
('12', 'Junín'),
('13', 'La Libertad'),
('14', 'Lambayeque'),
('15', 'Lima'),
('16', 'Loreto'),
('17', 'Madre de Dios'),
('18', 'Moquegua'),
('19', 'Pasco'),
('20', 'Piura'),
('21', 'Puno'),
('22', 'San Martín'),
('23', 'Tacna'),
('24', 'Tumbes'),
('25', 'Ucayali');

-- --------------------------------------------------------

--
-- Estructura de tabla para la tabla `distrito`
--

CREATE TABLE `distrito` (
  `id` varchar(6) NOT NULL,
  `name` varchar(45) DEFAULT NULL,
  `provincia_id` varchar(4) DEFAULT NULL,
  `departamento_id` varchar(2) DEFAULT NULL
) ENGINE=InnoDB DEFAULT CHARSET=utf8 COLLATE=utf8_general_ci;

--
-- Volcado de datos para la tabla `distrito`
--

INSERT INTO `distrito` (`id`, `name`, `provincia_id`, `departamento_id`) VALUES
('100101', 'Huanuco', '1001', '10'),
('100102', 'Amarilis', '1001', '10'),
('100103', 'Chinchao', '1001', '10'),
('100104', 'Churubamba', '1001', '10'),
('100105', 'Margos', '1001', '10'),
('100106', 'Quisqui (Kichki)', '1001', '10'),
('100107', 'San Francisco de Cayran', '1001', '10'),
('100108', 'San Pedro de Chaulan', '1001', '10'),
('100109', 'Santa María del Valle', '1001', '10'),
('100110', 'Yarumayo', '1001', '10'),
('100111', 'Pillco Marca', '1001', '10'),
('100112', 'Yacus', '1001', '10'),
('100113', 'San Pablo de Pillao', '1001', '10'),
('100201', 'Ambo', '1002', '10'),
('100202', 'Cayna', '1002', '10'),
('100203', 'Colpas', '1002', '10'),
('100204', 'Conchamarca', '1002', '10'),
('100205', 'Huacar', '1002', '10'),
('100206', 'San Francisco', '1002', '10'),
('100207', 'San Rafael', '1002', '10'),
('100208', 'Tomay Kichwa', '1002', '10'),
('100301', 'La Unión', '1003', '10'),
('100307', 'Chuquis', '1003', '10'),
('100311', 'Marías', '1003', '10'),
('100313', 'Pachas', '1003', '10'),
('100316', 'Quivilla', '1003', '10'),
('100317', 'Ripan', '1003', '10'),
('100321', 'Shunqui', '1003', '10'),
('100322', 'Sillapata', '1003', '10'),
('100323', 'Yanas', '1003', '10'),
('100401', 'Huacaybamba', '1004', '10'),
('100402', 'Canchabamba', '1004', '10'),
('100403', 'Cochabamba', '1004', '10'),
('100404', 'Pinra', '1004', '10'),
('100501', 'Llata', '1005', '10'),
('100502', 'Arancay', '1005', '10'),
('100503', 'Chavín de Pariarca', '1005', '10'),
('100504', 'Jacas Grande', '1005', '10'),
('100505', 'Jircan', '1005', '10'),
('100506', 'Miraflores', '1005', '10'),
('100507', 'Monzón', '1005', '10'),
('100508', 'Punchao', '1005', '10'),
('100509', 'Puños', '1005', '10'),
('100510', 'Singa', '1005', '10'),
('100511', 'Tantamayo', '1005', '10'),
('100601', 'Rupa-Rupa', '1006', '10'),
('100602', 'Daniel Alomía Robles', '1006', '10'),
('100603', 'Hermílio Valdizan', '1006', '10'),
('100604', 'José Crespo y Castillo', '1006', '10'),
('100605', 'Luyando', '1006', '10'),
('100606', 'Mariano Damaso Beraun', '1006', '10'),
('100607', 'Pucayacu', '1006', '10'),
('100608', 'Castillo Grande', '1006', '10'),
('100609', 'Pueblo Nuevo', '1006', '10'),
('100610', 'Santo Domingo de Anda', '1006', '10'),
('100701', 'Huacrachuco', '1007', '10'),
('100702', 'Cholon', '1007', '10'),
('100703', 'San Buenaventura', '1007', '10'),
('100704', 'La Morada', '1007', '10'),
('100705', 'Santa Rosa de Alto Yanajanca', '1007', '10'),
('100801', 'Panao', '1008', '10'),
('100802', 'Chaglla', '1008', '10'),
('100803', 'Molino', '1008', '10'),
('100804', 'Umari', '1008', '10'),
('100901', 'Puerto Inca', '1009', '10'),
('100902', 'Codo del Pozuzo', '1009', '10'),
('100903', 'Honoria', '1009', '10'),
('100904', 'Tournavista', '1009', '10'),
('100905', 'Yuyapichis', '1009', '10'),
('101001', 'Jesús', '1010', '10'),
('101002', 'Baños', '1010', '10'),
('101003', 'Jivia', '1010', '10'),
('101004', 'Queropalca', '1010', '10'),
('101005', 'Rondos', '1010', '10'),
('101006', 'San Francisco de Asís', '1010', '10'),
('101007', 'San Miguel de Cauri', '1010', '10'),
('10101', 'Chachapoyas', '0101', '01'),
('10102', 'Asunción', '0101', '01'),
('10103', 'Balsas', '0101', '01'),
('10104', 'Cheto', '0101', '01'),
('10105', 'Chiliquin', '0101', '01'),
('10106', 'Chuquibamba', '0101', '01'),
('10107', 'Granada', '0101', '01'),
('10108', 'Huancas', '0101', '01'),
('10109', 'La Jalca', '0101', '01'),
('10110', 'Leimebamba', '0101', '01'),
('101101', 'Chavinillo', '1011', '10'),
('101102', 'Cahuac', '1011', '10'),
('101103', 'Chacabamba', '1011', '10'),
('101104', 'Aparicio Pomares', '1011', '10'),
('101105', 'Jacas Chico', '1011', '10'),
('101106', 'Obas', '1011', '10'),
('101107', 'Pampamarca', '1011', '10'),
('101108', 'Choras', '1011', '10'),
('10111', 'Levanto', '0101', '01'),
('10112', 'Magdalena', '0101', '01'),
('10113', 'Mariscal Castilla', '0101', '01'),
('10114', 'Molinopampa', '0101', '01'),
('10115', 'Montevideo', '0101', '01'),
('10116', 'Olleros', '0101', '01'),
('10117', 'Quinjalca', '0101', '01'),
('10118', 'San Francisco de Daguas', '0101', '01'),
('10119', 'San Isidro de Maino', '0101', '01'),
('10120', 'Soloco', '0101', '01'),
('10121', 'Sonche', '0101', '01'),
('10201', 'Bagua', '0102', '01'),
('10202', 'Aramango', '0102', '01'),
('10203', 'Copallin', '0102', '01'),
('10204', 'El Parco', '0102', '01'),
('10205', 'Imaza', '0102', '01'),
('10206', 'La Peca', '0102', '01'),
('10301', 'Jumbilla', '0103', '01'),
('10302', 'Chisquilla', '0103', '01'),
('10303', 'Churuja', '0103', '01'),
('10304', 'Corosha', '0103', '01'),
('10305', 'Cuispes', '0103', '01'),
('10306', 'Florida', '0103', '01'),
('10307', 'Jazan', '0103', '01'),
('10308', 'Recta', '0103', '01'),
('10309', 'San Carlos', '0103', '01'),
('10310', 'Shipasbamba', '0103', '01'),
('10311', 'Valera', '0103', '01'),
('10312', 'Yambrasbamba', '0103', '01'),
('10401', 'Nieva', '0104', '01'),
('10402', 'El Cenepa', '0104', '01'),
('10403', 'Río Santiago', '0104', '01'),
('10501', 'Lamud', '0105', '01'),
('10502', 'Camporredondo', '0105', '01'),
('10503', 'Cocabamba', '0105', '01'),
('10504', 'Colcamar', '0105', '01'),
('10505', 'Conila', '0105', '01'),
('10506', 'Inguilpata', '0105', '01'),
('10507', 'Longuita', '0105', '01'),
('10508', 'Lonya Chico', '0105', '01'),
('10509', 'Luya', '0105', '01'),
('10510', 'Luya Viejo', '0105', '01'),
('10511', 'María', '0105', '01'),
('10512', 'Ocalli', '0105', '01'),
('10513', 'Ocumal', '0105', '01'),
('10514', 'Pisuquia', '0105', '01'),
('10515', 'Providencia', '0105', '01'),
('10516', 'San Cristóbal', '0105', '01'),
('10517', 'San Francisco de Yeso', '0105', '01'),
('10518', 'San Jerónimo', '0105', '01'),
('10519', 'San Juan de Lopecancha', '0105', '01'),
('10520', 'Santa Catalina', '0105', '01'),
('10521', 'Santo Tomas', '0105', '01'),
('10522', 'Tingo', '0105', '01'),
('10523', 'Trita', '0105', '01'),
('10601', 'San Nicolás', '0106', '01'),
('10602', 'Chirimoto', '0106', '01'),
('10603', 'Cochamal', '0106', '01'),
('10604', 'Huambo', '0106', '01'),
('10605', 'Limabamba', '0106', '01'),
('10606', 'Longar', '0106', '01'),
('10607', 'Mariscal Benavides', '0106', '01'),
('10608', 'Milpuc', '0106', '01'),
('10609', 'Omia', '0106', '01'),
('10610', 'Santa Rosa', '0106', '01'),
('10611', 'Totora', '0106', '01'),
('10612', 'Vista Alegre', '0106', '01'),
('10701', 'Bagua Grande', '0107', '01'),
('10702', 'Cajaruro', '0107', '01'),
('10703', 'Cumba', '0107', '01'),
('10704', 'El Milagro', '0107', '01'),
('10705', 'Jamalca', '0107', '01'),
('10706', 'Lonya Grande', '0107', '01'),
('10707', 'Yamon', '0107', '01'),
('110101', 'Ica', '1101', '11'),
('110102', 'La Tinguiña', '1101', '11'),
('110103', 'Los Aquijes', '1101', '11'),
('110104', 'Ocucaje', '1101', '11'),
('110105', 'Pachacutec', '1101', '11'),
('110106', 'Parcona', '1101', '11'),
('110107', 'Pueblo Nuevo', '1101', '11'),
('110108', 'Salas', '1101', '11'),
('110109', 'San José de Los Molinos', '1101', '11'),
('110110', 'San Juan Bautista', '1101', '11'),
('110111', 'Santiago', '1101', '11'),
('110112', 'Subtanjalla', '1101', '11'),
('110113', 'Tate', '1101', '11'),
('110114', 'Yauca del Rosario', '1101', '11'),
('110201', 'Chincha Alta', '1102', '11'),
('110202', 'Alto Laran', '1102', '11'),
('110203', 'Chavin', '1102', '11'),
('110204', 'Chincha Baja', '1102', '11'),
('110205', 'El Carmen', '1102', '11'),
('110206', 'Grocio Prado', '1102', '11'),
('110207', 'Pueblo Nuevo', '1102', '11'),
('110208', 'San Juan de Yanac', '1102', '11'),
('110209', 'San Pedro de Huacarpana', '1102', '11'),
('110210', 'Sunampe', '1102', '11'),
('110211', 'Tambo de Mora', '1102', '11'),
('110301', 'Nasca', '1103', '11'),
('110302', 'Changuillo', '1103', '11'),
('110303', 'El Ingenio', '1103', '11'),
('110304', 'Marcona', '1103', '11'),
('110305', 'Vista Alegre', '1103', '11'),
('110401', 'Palpa', '1104', '11'),
('110402', 'Llipata', '1104', '11'),
('110403', 'Río Grande', '1104', '11'),
('110404', 'Santa Cruz', '1104', '11'),
('110405', 'Tibillo', '1104', '11'),
('110501', 'Pisco', '1105', '11'),
('110502', 'Huancano', '1105', '11'),
('110503', 'Humay', '1105', '11'),
('110504', 'Independencia', '1105', '11'),
('110505', 'Paracas', '1105', '11'),
('110506', 'San Andrés', '1105', '11'),
('110507', 'San Clemente', '1105', '11'),
('110508', 'Tupac Amaru Inca', '1105', '11'),
('120101', 'Huancayo', '1201', '12'),
('120104', 'Carhuacallanga', '1201', '12'),
('120105', 'Chacapampa', '1201', '12'),
('120106', 'Chicche', '1201', '12'),
('120107', 'Chilca', '1201', '12'),
('120108', 'Chongos Alto', '1201', '12'),
('120111', 'Chupuro', '1201', '12'),
('120112', 'Colca', '1201', '12'),
('120113', 'Cullhuas', '1201', '12'),
('120114', 'El Tambo', '1201', '12'),
('120116', 'Huacrapuquio', '1201', '12'),
('120117', 'Hualhuas', '1201', '12'),
('120119', 'Huancan', '1201', '12'),
('120120', 'Huasicancha', '1201', '12'),
('120121', 'Huayucachi', '1201', '12'),
('120122', 'Ingenio', '1201', '12'),
('120124', 'Pariahuanca', '1201', '12'),
('120125', 'Pilcomayo', '1201', '12'),
('120126', 'Pucara', '1201', '12'),
('120127', 'Quichuay', '1201', '12'),
('120128', 'Quilcas', '1201', '12'),
('120129', 'San Agustín', '1201', '12'),
('120130', 'San Jerónimo de Tunan', '1201', '12'),
('120132', 'Saño', '1201', '12'),
('120133', 'Sapallanga', '1201', '12'),
('120134', 'Sicaya', '1201', '12'),
('120135', 'Santo Domingo de Acobamba', '1201', '12'),
('120136', 'Viques', '1201', '12'),
('120201', 'Concepción', '1202', '12'),
('120202', 'Aco', '1202', '12'),
('120203', 'Andamarca', '1202', '12'),
('120204', 'Chambara', '1202', '12'),
('120205', 'Cochas', '1202', '12'),
('120206', 'Comas', '1202', '12'),
('120207', 'Heroínas Toledo', '1202', '12'),
('120208', 'Manzanares', '1202', '12'),
('120209', 'Mariscal Castilla', '1202', '12'),
('120210', 'Matahuasi', '1202', '12'),
('120211', 'Mito', '1202', '12'),
('120212', 'Nueve de Julio', '1202', '12'),
('120213', 'Orcotuna', '1202', '12'),
('120214', 'San José de Quero', '1202', '12'),
('120215', 'Santa Rosa de Ocopa', '1202', '12'),
('120301', 'Chanchamayo', '1203', '12'),
('120302', 'Perene', '1203', '12'),
('120303', 'Pichanaqui', '1203', '12'),
('120304', 'San Luis de Shuaro', '1203', '12'),
('120305', 'San Ramón', '1203', '12'),
('120306', 'Vitoc', '1203', '12'),
('120401', 'Jauja', '1204', '12'),
('120402', 'Acolla', '1204', '12'),
('120403', 'Apata', '1204', '12'),
('120404', 'Ataura', '1204', '12'),
('120405', 'Canchayllo', '1204', '12'),
('120406', 'Curicaca', '1204', '12'),
('120407', 'El Mantaro', '1204', '12'),
('120408', 'Huamali', '1204', '12'),
('120409', 'Huaripampa', '1204', '12'),
('120410', 'Huertas', '1204', '12'),
('120411', 'Janjaillo', '1204', '12'),
('120412', 'Julcán', '1204', '12'),
('120413', 'Leonor Ordóñez', '1204', '12'),
('120414', 'Llocllapampa', '1204', '12'),
('120415', 'Marco', '1204', '12'),
('120416', 'Masma', '1204', '12'),
('120417', 'Masma Chicche', '1204', '12'),
('120418', 'Molinos', '1204', '12'),
('120419', 'Monobamba', '1204', '12'),
('120420', 'Muqui', '1204', '12'),
('120421', 'Muquiyauyo', '1204', '12'),
('120422', 'Paca', '1204', '12'),
('120423', 'Paccha', '1204', '12'),
('120424', 'Pancan', '1204', '12'),
('120425', 'Parco', '1204', '12'),
('120426', 'Pomacancha', '1204', '12'),
('120427', 'Ricran', '1204', '12'),
('120428', 'San Lorenzo', '1204', '12'),
('120429', 'San Pedro de Chunan', '1204', '12'),
('120430', 'Sausa', '1204', '12'),
('120431', 'Sincos', '1204', '12'),
('120432', 'Tunan Marca', '1204', '12'),
('120433', 'Yauli', '1204', '12'),
('120434', 'Yauyos', '1204', '12'),
('120501', 'Junin', '1205', '12'),
('120502', 'Carhuamayo', '1205', '12'),
('120503', 'Ondores', '1205', '12'),
('120504', 'Ulcumayo', '1205', '12'),
('120601', 'Satipo', '1206', '12'),
('120602', 'Coviriali', '1206', '12'),
('120603', 'Llaylla', '1206', '12'),
('120604', 'Mazamari', '1206', '12'),
('120605', 'Pampa Hermosa', '1206', '12'),
('120606', 'Pangoa', '1206', '12'),
('120607', 'Río Negro', '1206', '12'),
('120608', 'Río Tambo', '1206', '12'),
('120609', 'Vizcatan del Ene', '1206', '12'),
('120701', 'Tarma', '1207', '12'),
('120702', 'Acobamba', '1207', '12'),
('120703', 'Huaricolca', '1207', '12'),
('120704', 'Huasahuasi', '1207', '12'),
('120705', 'La Unión', '1207', '12'),
('120706', 'Palca', '1207', '12'),
('120707', 'Palcamayo', '1207', '12'),
('120708', 'San Pedro de Cajas', '1207', '12'),
('120709', 'Tapo', '1207', '12'),
('120801', 'La Oroya', '1208', '12'),
('120802', 'Chacapalpa', '1208', '12'),
('120803', 'Huay-Huay', '1208', '12'),
('120804', 'Marcapomacocha', '1208', '12'),
('120805', 'Morococha', '1208', '12'),
('120806', 'Paccha', '1208', '12'),
('120807', 'Santa Bárbara de Carhuacayan', '1208', '12'),
('120808', 'Santa Rosa de Sacco', '1208', '12'),
('120809', 'Suitucancha', '1208', '12'),
('120810', 'Yauli', '1208', '12'),
('120901', 'Chupaca', '1209', '12'),
('120902', 'Ahuac', '1209', '12'),
('120903', 'Chongos Bajo', '1209', '12'),
('120904', 'Huachac', '1209', '12'),
('120905', 'Huamancaca Chico', '1209', '12'),
('120906', 'San Juan de Iscos', '1209', '12'),
('120907', 'San Juan de Jarpa', '1209', '12'),
('120908', 'Tres de Diciembre', '1209', '12'),
('120909', 'Yanacancha', '1209', '12'),
('130101', 'Trujillo', '1301', '13'),
('130102', 'El Porvenir', '1301', '13'),
('130103', 'Florencia de Mora', '1301', '13'),
('130104', 'Huanchaco', '1301', '13'),
('130105', 'La Esperanza', '1301', '13'),
('130106', 'Laredo', '1301', '13'),
('130107', 'Moche', '1301', '13'),
('130108', 'Poroto', '1301', '13'),
('130109', 'Salaverry', '1301', '13'),
('130110', 'Simbal', '1301', '13'),
('130111', 'Victor Larco Herrera', '1301', '13'),
('130201', 'Ascope', '1302', '13'),
('130202', 'Chicama', '1302', '13'),
('130203', 'Chocope', '1302', '13'),
('130204', 'Magdalena de Cao', '1302', '13'),
('130205', 'Paijan', '1302', '13'),
('130206', 'Rázuri', '1302', '13'),
('130207', 'Santiago de Cao', '1302', '13'),
('130208', 'Casa Grande', '1302', '13'),
('130301', 'Bolívar', '1303', '13'),
('130302', 'Bambamarca', '1303', '13'),
('130303', 'Condormarca', '1303', '13'),
('130304', 'Longotea', '1303', '13'),
('130305', 'Uchumarca', '1303', '13'),
('130306', 'Ucuncha', '1303', '13'),
('130401', 'Chepen', '1304', '13'),
('130402', 'Pacanga', '1304', '13'),
('130403', 'Pueblo Nuevo', '1304', '13'),
('130501', 'Julcan', '1305', '13'),
('130502', 'Calamarca', '1305', '13'),
('130503', 'Carabamba', '1305', '13'),
('130504', 'Huaso', '1305', '13'),
('130601', 'Otuzco', '1306', '13'),
('130602', 'Agallpampa', '1306', '13'),
('130604', 'Charat', '1306', '13'),
('130605', 'Huaranchal', '1306', '13'),
('130606', 'La Cuesta', '1306', '13'),
('130608', 'Mache', '1306', '13'),
('130610', 'Paranday', '1306', '13'),
('130611', 'Salpo', '1306', '13'),
('130613', 'Sinsicap', '1306', '13'),
('130614', 'Usquil', '1306', '13'),
('130701', 'San Pedro de Lloc', '1307', '13'),
('130702', 'Guadalupe', '1307', '13'),
('130703', 'Jequetepeque', '1307', '13'),
('130704', 'Pacasmayo', '1307', '13'),
('130705', 'San José', '1307', '13'),
('130801', 'Tayabamba', '1308', '13'),
('130802', 'Buldibuyo', '1308', '13'),
('130803', 'Chillia', '1308', '13'),
('130804', 'Huancaspata', '1308', '13'),
('130805', 'Huaylillas', '1308', '13'),
('130806', 'Huayo', '1308', '13'),
('130807', 'Ongon', '1308', '13'),
('130808', 'Parcoy', '1308', '13'),
('130809', 'Pataz', '1308', '13'),
('130810', 'Pias', '1308', '13'),
('130811', 'Santiago de Challas', '1308', '13'),
('130812', 'Taurija', '1308', '13'),
('130813', 'Urpay', '1308', '13'),
('130901', 'Huamachuco', '1309', '13'),
('130902', 'Chugay', '1309', '13'),
('130903', 'Cochorco', '1309', '13'),
('130904', 'Curgos', '1309', '13'),
('130905', 'Marcabal', '1309', '13'),
('130906', 'Sanagoran', '1309', '13'),
('130907', 'Sarin', '1309', '13'),
('130908', 'Sartimbamba', '1309', '13'),
('131001', 'Santiago de Chuco', '1310', '13'),
('131002', 'Angasmarca', '1310', '13'),
('131003', 'Cachicadan', '1310', '13'),
('131004', 'Mollebamba', '1310', '13'),
('131005', 'Mollepata', '1310', '13'),
('131006', 'Quiruvilca', '1310', '13'),
('131007', 'Santa Cruz de Chuca', '1310', '13'),
('131008', 'Sitabamba', '1310', '13'),
('131101', 'Cascas', '1311', '13'),
('131102', 'Lucma', '1311', '13'),
('131103', 'Marmot', '1311', '13'),
('131104', 'Sayapullo', '1311', '13'),
('131201', 'Viru', '1312', '13'),
('131202', 'Chao', '1312', '13'),
('131203', 'Guadalupito', '1312', '13'),
('140101', 'Chiclayo', '1401', '14'),
('140102', 'Chongoyape', '1401', '14'),
('140103', 'Eten', '1401', '14'),
('140104', 'Eten Puerto', '1401', '14'),
('140105', 'José Leonardo Ortiz', '1401', '14'),
('140106', 'La Victoria', '1401', '14'),
('140107', 'Lagunas', '1401', '14'),
('140108', 'Monsefu', '1401', '14'),
('140109', 'Nueva Arica', '1401', '14'),
('140110', 'Oyotun', '1401', '14'),
('140111', 'Picsi', '1401', '14'),
('140112', 'Pimentel', '1401', '14'),
('140113', 'Reque', '1401', '14'),
('140114', 'Santa Rosa', '1401', '14'),
('140115', 'Saña', '1401', '14'),
('140116', 'Cayalti', '1401', '14'),
('140117', 'Patapo', '1401', '14'),
('140118', 'Pomalca', '1401', '14'),
('140119', 'Pucala', '1401', '14'),
('140120', 'Tuman', '1401', '14'),
('140201', 'Ferreñafe', '1402', '14'),
('140202', 'Cañaris', '1402', '14'),
('140203', 'Incahuasi', '1402', '14'),
('140204', 'Manuel Antonio Mesones Muro', '1402', '14'),
('140205', 'Pitipo', '1402', '14'),
('140206', 'Pueblo Nuevo', '1402', '14'),
('140301', 'Lambayeque', '1403', '14'),
('140302', 'Chochope', '1403', '14'),
('140303', 'Illimo', '1403', '14'),
('140304', 'Jayanca', '1403', '14'),
('140305', 'Mochumi', '1403', '14'),
('140306', 'Morrope', '1403', '14'),
('140307', 'Motupe', '1403', '14'),
('140308', 'Olmos', '1403', '14'),
('140309', 'Pacora', '1403', '14'),
('140310', 'Salas', '1403', '14'),
('140311', 'San José', '1403', '14'),
('140312', 'Tucume', '1403', '14'),
('150101', 'Lima', '1501', '15'),
('150102', 'Ancón', '1501', '15'),
('150103', 'Ate', '1501', '15'),
('150104', 'Barranco', '1501', '15'),
('150105', 'Breña', '1501', '15'),
('150106', 'Carabayllo', '1501', '15'),
('150107', 'Chaclacayo', '1501', '15'),
('150108', 'Chorrillos', '1501', '15'),
('150109', 'Cieneguilla', '1501', '15'),
('150110', 'Comas', '1501', '15'),
('150111', 'El Agustino', '1501', '15'),
('150112', 'Independencia', '1501', '15'),
('150113', 'Jesús María', '1501', '15'),
('150114', 'La Molina', '1501', '15'),
('150115', 'La Victoria', '1501', '15'),
('150116', 'Lince', '1501', '15'),
('150117', 'Los Olivos', '1501', '15'),
('150118', 'Lurigancho', '1501', '15'),
('150119', 'Lurin', '1501', '15'),
('150120', 'Magdalena del Mar', '1501', '15'),
('150121', 'Pueblo Libre', '1501', '15'),
('150122', 'Miraflores', '1501', '15'),
('150123', 'Pachacamac', '1501', '15'),
('150124', 'Pucusana', '1501', '15'),
('150125', 'Puente Piedra', '1501', '15'),
('150126', 'Punta Hermosa', '1501', '15'),
('150127', 'Punta Negra', '1501', '15'),
('150128', 'Rímac', '1501', '15'),
('150129', 'San Bartolo', '1501', '15'),
('150130', 'San Borja', '1501', '15'),
('150131', 'San Isidro', '1501', '15'),
('150132', 'San Juan de Lurigancho', '1501', '15'),
('150133', 'San Juan de Miraflores', '1501', '15'),
('150134', 'San Luis', '1501', '15'),
('150135', 'San Martín de Porres', '1501', '15'),
('150136', 'San Miguel', '1501', '15'),
('150137', 'Santa Anita', '1501', '15'),
('150138', 'Santa María del Mar', '1501', '15'),
('150139', 'Santa Rosa', '1501', '15'),
('150140', 'Santiago de Surco', '1501', '15'),
('150141', 'Surquillo', '1501', '15'),
('150142', 'Villa El Salvador', '1501', '15'),
('150143', 'Villa María del Triunfo', '1501', '15'),
('150201', 'Barranca', '1502', '15'),
('150202', 'Paramonga', '1502', '15'),
('150203', 'Pativilca', '1502', '15'),
('150204', 'Supe', '1502', '15'),
('150205', 'Supe Puerto', '1502', '15'),
('150301', 'Cajatambo', '1503', '15'),
('150302', 'Copa', '1503', '15'),
('150303', 'Gorgor', '1503', '15'),
('150304', 'Huancapon', '1503', '15'),
('150305', 'Manas', '1503', '15'),
('150401', 'Canta', '1504', '15'),
('150402', 'Arahuay', '1504', '15'),
('150403', 'Huamantanga', '1504', '15'),
('150404', 'Huaros', '1504', '15'),
('150405', 'Lachaqui', '1504', '15'),
('150406', 'San Buenaventura', '1504', '15'),
('150407', 'Santa Rosa de Quives', '1504', '15'),
('150501', 'San Vicente de Cañete', '1505', '15'),
('150502', 'Asia', '1505', '15'),
('150503', 'Calango', '1505', '15'),
('150504', 'Cerro Azul', '1505', '15'),
('150505', 'Chilca', '1505', '15'),
('150506', 'Coayllo', '1505', '15'),
('150507', 'Imperial', '1505', '15'),
('150508', 'Lunahuana', '1505', '15'),
('150509', 'Mala', '1505', '15'),
('150510', 'Nuevo Imperial', '1505', '15'),
('150511', 'Pacaran', '1505', '15'),
('150512', 'Quilmana', '1505', '15'),
('150513', 'San Antonio', '1505', '15'),
('150514', 'San Luis', '1505', '15'),
('150515', 'Santa Cruz de Flores', '1505', '15'),
('150516', 'Zúñiga', '1505', '15'),
('150601', 'Huaral', '1506', '15'),
('150602', 'Atavillos Alto', '1506', '15'),
('150603', 'Atavillos Bajo', '1506', '15'),
('150604', 'Aucallama', '1506', '15'),
('150605', 'Chancay', '1506', '15'),
('150606', 'Ihuari', '1506', '15'),
('150607', 'Lampian', '1506', '15'),
('150608', 'Pacaraos', '1506', '15'),
('150609', 'San Miguel de Acos', '1506', '15'),
('150610', 'Santa Cruz de Andamarca', '1506', '15'),
('150611', 'Sumbilca', '1506', '15'),
('150612', 'Veintisiete de Noviembre', '1506', '15'),
('150701', 'Matucana', '1507', '15'),
('150702', 'Antioquia', '1507', '15'),
('150703', 'Callahuanca', '1507', '15'),
('150704', 'Carampoma', '1507', '15'),
('150705', 'Chicla', '1507', '15'),
('150706', 'Cuenca', '1507', '15'),
('150707', 'Huachupampa', '1507', '15'),
('150708', 'Huanza', '1507', '15'),
('150709', 'Huarochiri', '1507', '15'),
('150710', 'Lahuaytambo', '1507', '15'),
('150711', 'Langa', '1507', '15'),
('150712', 'Laraos', '1507', '15'),
('150713', 'Mariatana', '1507', '15'),
('150714', 'Ricardo Palma', '1507', '15'),
('150715', 'San Andrés de Tupicocha', '1507', '15'),
('150716', 'San Antonio', '1507', '15'),
('150717', 'San Bartolomé', '1507', '15'),
('150718', 'San Damian', '1507', '15'),
('150719', 'San Juan de Iris', '1507', '15'),
('150720', 'San Juan de Tantaranche', '1507', '15'),
('150721', 'San Lorenzo de Quinti', '1507', '15'),
('150722', 'San Mateo', '1507', '15'),
('150723', 'San Mateo de Otao', '1507', '15'),
('150724', 'San Pedro de Casta', '1507', '15'),
('150725', 'San Pedro de Huancayre', '1507', '15'),
('150726', 'Sangallaya', '1507', '15'),
('150727', 'Santa Cruz de Cocachacra', '1507', '15'),
('150728', 'Santa Eulalia', '1507', '15'),
('150729', 'Santiago de Anchucaya', '1507', '15'),
('150730', 'Santiago de Tuna', '1507', '15'),
('150731', 'Santo Domingo de Los Olleros', '1507', '15'),
('150732', 'Surco', '1507', '15'),
('150801', 'Huacho', '1508', '15'),
('150802', 'Ambar', '1508', '15'),
('150803', 'Caleta de Carquin', '1508', '15'),
('150804', 'Checras', '1508', '15'),
('150805', 'Hualmay', '1508', '15'),
('150806', 'Huaura', '1508', '15'),
('150807', 'Leoncio Prado', '1508', '15'),
('150808', 'Paccho', '1508', '15'),
('150809', 'Santa Leonor', '1508', '15'),
('150810', 'Santa María', '1508', '15'),
('150811', 'Sayan', '1508', '15'),
('150812', 'Vegueta', '1508', '15'),
('150901', 'Oyon', '1509', '15'),
('150902', 'Andajes', '1509', '15'),
('150903', 'Caujul', '1509', '15'),
('150904', 'Cochamarca', '1509', '15'),
('150905', 'Navan', '1509', '15'),
('150906', 'Pachangara', '1509', '15'),
('151001', 'Yauyos', '1510', '15'),
('151002', 'Alis', '1510', '15'),
('151003', 'Allauca', '1510', '15'),
('151004', 'Ayaviri', '1510', '15'),
('151005', 'Azángaro', '1510', '15'),
('151006', 'Cacra', '1510', '15'),
('151007', 'Carania', '1510', '15'),
('151008', 'Catahuasi', '1510', '15'),
('151009', 'Chocos', '1510', '15'),
('151010', 'Cochas', '1510', '15'),
('151011', 'Colonia', '1510', '15'),
('151012', 'Hongos', '1510', '15'),
('151013', 'Huampara', '1510', '15'),
('151014', 'Huancaya', '1510', '15'),
('151015', 'Huangascar', '1510', '15'),
('151016', 'Huantan', '1510', '15'),
('151017', 'Huañec', '1510', '15'),
('151018', 'Laraos', '1510', '15'),
('151019', 'Lincha', '1510', '15'),
('151020', 'Madean', '1510', '15'),
('151021', 'Miraflores', '1510', '15'),
('151022', 'Omas', '1510', '15'),
('151023', 'Putinza', '1510', '15'),
('151024', 'Quinches', '1510', '15'),
('151025', 'Quinocay', '1510', '15'),
('151026', 'San Joaquín', '1510', '15'),
('151027', 'San Pedro de Pilas', '1510', '15'),
('151028', 'Tanta', '1510', '15'),
('151029', 'Tauripampa', '1510', '15'),
('151030', 'Tomas', '1510', '15'),
('151031', 'Tupe', '1510', '15'),
('151032', 'Viñac', '1510', '15'),
('151033', 'Vitis', '1510', '15'),
('160101', 'Iquitos', '1601', '16'),
('160102', 'Alto Nanay', '1601', '16'),
('160103', 'Fernando Lores', '1601', '16'),
('160104', 'Indiana', '1601', '16'),
('160105', 'Las Amazonas', '1601', '16'),
('160106', 'Mazan', '1601', '16'),
('160107', 'Napo', '1601', '16'),
('160108', 'Punchana', '1601', '16'),
('160110', 'Torres Causana', '1601', '16'),
('160112', 'Belén', '1601', '16'),
('160113', 'San Juan Bautista', '1601', '16'),
('160201', 'Yurimaguas', '1602', '16'),
('160202', 'Balsapuerto', '1602', '16'),
('160205', 'Jeberos', '1602', '16'),
('160206', 'Lagunas', '1602', '16'),
('160210', 'Santa Cruz', '1602', '16'),
('160211', 'Teniente Cesar López Rojas', '1602', '16'),
('160301', 'Nauta', '1603', '16'),
('160302', 'Parinari', '1603', '16'),
('160303', 'Tigre', '1603', '16'),
('160304', 'Trompeteros', '1603', '16'),
('160305', 'Urarinas', '1603', '16'),
('160401', 'Ramón Castilla', '1604', '16'),
('160402', 'Pebas', '1604', '16'),
('160403', 'Yavari', '1604', '16'),
('160404', 'San Pablo', '1604', '16'),
('160501', 'Requena', '1605', '16'),
('160502', 'Alto Tapiche', '1605', '16'),
('160503', 'Capelo', '1605', '16'),
('160504', 'Emilio San Martín', '1605', '16'),
('160505', 'Maquia', '1605', '16'),
('160506', 'Puinahua', '1605', '16'),
('160507', 'Saquena', '1605', '16'),
('160508', 'Soplin', '1605', '16'),
('160509', 'Tapiche', '1605', '16'),
('160510', 'Jenaro Herrera', '1605', '16'),
('160511', 'Yaquerana', '1605', '16'),
('160601', 'Contamana', '1606', '16'),
('160602', 'Inahuaya', '1606', '16'),
('160603', 'Padre Márquez', '1606', '16'),
('160604', 'Pampa Hermosa', '1606', '16'),
('160605', 'Sarayacu', '1606', '16'),
('160606', 'Vargas Guerra', '1606', '16'),
('160701', 'Barranca', '1607', '16'),
('160702', 'Cahuapanas', '1607', '16'),
('160703', 'Manseriche', '1607', '16'),
('160704', 'Morona', '1607', '16'),
('160705', 'Pastaza', '1607', '16'),
('160706', 'Andoas', '1607', '16'),
('160801', 'Putumayo', '1608', '16'),
('160802', 'Rosa Panduro', '1608', '16'),
('160803', 'Teniente Manuel Clavero', '1608', '16'),
('160804', 'Yaguas', '1608', '16'),
('170101', 'Tambopata', '1701', '17'),
('170102', 'Inambari', '1701', '17'),
('170103', 'Las Piedras', '1701', '17'),
('170104', 'Laberinto', '1701', '17'),
('170201', 'Manu', '1702', '17'),
('170202', 'Fitzcarrald', '1702', '17'),
('170203', 'Madre de Dios', '1702', '17'),
('170204', 'Huepetuhe', '1702', '17'),
('170301', 'Iñapari', '1703', '17'),
('170302', 'Iberia', '1703', '17'),
('170303', 'Tahuamanu', '1703', '17'),
('180101', 'Moquegua', '1801', '18'),
('180102', 'Carumas', '1801', '18'),
('180103', 'Cuchumbaya', '1801', '18'),
('180104', 'Samegua', '1801', '18'),
('180105', 'San Cristóbal', '1801', '18'),
('180106', 'Torata', '1801', '18'),
('180201', 'Omate', '1802', '18'),
('180202', 'Chojata', '1802', '18'),
('180203', 'Coalaque', '1802', '18'),
('180204', 'Ichuña', '1802', '18'),
('180205', 'La Capilla', '1802', '18'),
('180206', 'Lloque', '1802', '18'),
('180207', 'Matalaque', '1802', '18'),
('180208', 'Puquina', '1802', '18'),
('180209', 'Quinistaquillas', '1802', '18'),
('180210', 'Ubinas', '1802', '18'),
('180211', 'Yunga', '1802', '18'),
('180301', 'Ilo', '1803', '18'),
('180302', 'El Algarrobal', '1803', '18'),
('180303', 'Pacocha', '1803', '18'),
('190101', 'Chaupimarca', '1901', '19'),
('190102', 'Huachon', '1901', '19'),
('190103', 'Huariaca', '1901', '19'),
('190104', 'Huayllay', '1901', '19'),
('190105', 'Ninacaca', '1901', '19'),
('190106', 'Pallanchacra', '1901', '19'),
('190107', 'Paucartambo', '1901', '19'),
('190108', 'San Francisco de Asís de Yarusyacan', '1901', '19'),
('190109', 'Simon Bolívar', '1901', '19'),
('190110', 'Ticlacayan', '1901', '19'),
('190111', 'Tinyahuarco', '1901', '19'),
('190112', 'Vicco', '1901', '19'),
('190113', 'Yanacancha', '1901', '19'),
('190201', 'Yanahuanca', '1902', '19'),
('190202', 'Chacayan', '1902', '19'),
('190203', 'Goyllarisquizga', '1902', '19'),
('190204', 'Paucar', '1902', '19'),
('190205', 'San Pedro de Pillao', '1902', '19'),
('190206', 'Santa Ana de Tusi', '1902', '19'),
('190207', 'Tapuc', '1902', '19'),
('190208', 'Vilcabamba', '1902', '19'),
('190301', 'Oxapampa', '1903', '19'),
('190302', 'Chontabamba', '1903', '19'),
('190303', 'Huancabamba', '1903', '19'),
('190304', 'Palcazu', '1903', '19'),
('190305', 'Pozuzo', '1903', '19'),
('190306', 'Puerto Bermúdez', '1903', '19'),
('190307', 'Villa Rica', '1903', '19'),
('190308', 'Constitución', '1903', '19'),
('200101', 'Piura', '2001', '20'),
('200104', 'Castilla', '2001', '20'),
('200105', 'Catacaos', '2001', '20'),
('200107', 'Cura Mori', '2001', '20'),
('200108', 'El Tallan', '2001', '20'),
('200109', 'La Arena', '2001', '20'),
('200110', 'La Unión', '2001', '20'),
('200111', 'Las Lomas', '2001', '20'),
('200114', 'Tambo Grande', '2001', '20'),
('200115', 'Veintiseis de Octubre', '2001', '20'),
('200201', 'Ayabaca', '2002', '20'),
('200202', 'Frias', '2002', '20'),
('200203', 'Jilili', '2002', '20'),
('200204', 'Lagunas', '2002', '20'),
('200205', 'Montero', '2002', '20'),
('200206', 'Pacaipampa', '2002', '20'),
('200207', 'Paimas', '2002', '20'),
('200208', 'Sapillica', '2002', '20'),
('200209', 'Sicchez', '2002', '20'),
('200210', 'Suyo', '2002', '20'),
('200301', 'Huancabamba', '2003', '20'),
('200302', 'Canchaque', '2003', '20'),
('200303', 'El Carmen de la Frontera', '2003', '20'),
('200304', 'Huarmaca', '2003', '20'),
('200305', 'Lalaquiz', '2003', '20'),
('200306', 'San Miguel de El Faique', '2003', '20'),
('200307', 'Sondor', '2003', '20'),
('200308', 'Sondorillo', '2003', '20'),
('200401', 'Chulucanas', '2004', '20'),
('200402', 'Buenos Aires', '2004', '20'),
('200403', 'Chalaco', '2004', '20'),
('200404', 'La Matanza', '2004', '20'),
('200405', 'Morropon', '2004', '20'),
('200406', 'Salitral', '2004', '20'),
('200407', 'San Juan de Bigote', '2004', '20'),
('200408', 'Santa Catalina de Mossa', '2004', '20'),
('200409', 'Santo Domingo', '2004', '20'),
('200410', 'Yamango', '2004', '20'),
('200501', 'Paita', '2005', '20'),
('200502', 'Amotape', '2005', '20'),
('200503', 'Arenal', '2005', '20'),
('200504', 'Colan', '2005', '20'),
('200505', 'La Huaca', '2005', '20'),
('200506', 'Tamarindo', '2005', '20'),
('200507', 'Vichayal', '2005', '20'),
('200601', 'Sullana', '2006', '20'),
('200602', 'Bellavista', '2006', '20'),
('200603', 'Ignacio Escudero', '2006', '20'),
('200604', 'Lancones', '2006', '20'),
('200605', 'Marcavelica', '2006', '20'),
('200606', 'Miguel Checa', '2006', '20'),
('200607', 'Querecotillo', '2006', '20'),
('200608', 'Salitral', '2006', '20'),
('200701', 'Pariñas', '2007', '20'),
('200702', 'El Alto', '2007', '20'),
('200703', 'La Brea', '2007', '20'),
('200704', 'Lobitos', '2007', '20'),
('200705', 'Los Organos', '2007', '20'),
('200706', 'Mancora', '2007', '20'),
('200801', 'Sechura', '2008', '20'),
('200802', 'Bellavista de la Unión', '2008', '20'),
('200803', 'Bernal', '2008', '20'),
('200804', 'Cristo Nos Valga', '2008', '20'),
('200805', 'Vice', '2008', '20'),
('200806', 'Rinconada Llicuar', '2008', '20'),
('20101', 'Huaraz', '0201', '02'),
('20102', 'Cochabamba', '0201', '02'),
('20103', 'Colcabamba', '0201', '02'),
('20104', 'Huanchay', '0201', '02'),
('20105', 'Independencia', '0201', '02'),
('20106', 'Jangas', '0201', '02'),
('20107', 'La Libertad', '0201', '02'),
('20108', 'Olleros', '0201', '02'),
('20109', 'Pampas Grande', '0201', '02'),
('20110', 'Pariacoto', '0201', '02'),
('20111', 'Pira', '0201', '02'),
('20112', 'Tarica', '0201', '02'),
('20201', 'Aija', '0202', '02'),
('20202', 'Coris', '0202', '02'),
('20203', 'Huacllan', '0202', '02'),
('20204', 'La Merced', '0202', '02'),
('20205', 'Succha', '0202', '02'),
('20301', 'Llamellin', '0203', '02'),
('20302', 'Aczo', '0203', '02'),
('20303', 'Chaccho', '0203', '02'),
('20304', 'Chingas', '0203', '02'),
('20305', 'Mirgas', '0203', '02'),
('20306', 'San Juan de Rontoy', '0203', '02'),
('20401', 'Chacas', '0204', '02'),
('20402', 'Acochaca', '0204', '02'),
('20501', 'Chiquian', '0205', '02'),
('20502', 'Abelardo Pardo Lezameta', '0205', '02'),
('20503', 'Antonio Raymondi', '0205', '02'),
('20504', 'Aquia', '0205', '02'),
('20505', 'Cajacay', '0205', '02'),
('20506', 'Canis', '0205', '02'),
('20507', 'Colquioc', '0205', '02'),
('20508', 'Huallanca', '0205', '02'),
('20509', 'Huasta', '0205', '02'),
('20510', 'Huayllacayan', '0205', '02'),
('20511', 'La Primavera', '0205', '02'),
('20512', 'Mangas', '0205', '02'),
('20513', 'Pacllon', '0205', '02'),
('20514', 'San Miguel de Corpanqui', '0205', '02'),
('20515', 'Ticllos', '0205', '02'),
('20601', 'Carhuaz', '0206', '02'),
('20602', 'Acopampa', '0206', '02'),
('20603', 'Amashca', '0206', '02'),
('20604', 'Anta', '0206', '02'),
('20605', 'Ataquero', '0206', '02'),
('20606', 'Marcara', '0206', '02'),
('20607', 'Pariahuanca', '0206', '02'),
('20608', 'San Miguel de Aco', '0206', '02'),
('20609', 'Shilla', '0206', '02'),
('20610', 'Tinco', '0206', '02'),
('20611', 'Yungar', '0206', '02'),
('20701', 'San Luis', '0207', '02'),
('20702', 'San Nicolás', '0207', '02'),
('20703', 'Yauya', '0207', '02'),
('20801', 'Casma', '0208', '02'),
('20802', 'Buena Vista Alta', '0208', '02'),
('20803', 'Comandante Noel', '0208', '02'),
('20804', 'Yautan', '0208', '02'),
('20901', 'Corongo', '0209', '02'),
('20902', 'Aco', '0209', '02'),
('20903', 'Bambas', '0209', '02'),
('20904', 'Cusca', '0209', '02'),
('20905', 'La Pampa', '0209', '02'),
('20906', 'Yanac', '0209', '02'),
('20907', 'Yupan', '0209', '02'),
('21001', 'Huari', '0210', '02'),
('21002', 'Anra', '0210', '02'),
('21003', 'Cajay', '0210', '02'),
('21004', 'Chavin de Huantar', '0210', '02'),
('21005', 'Huacachi', '0210', '02'),
('21006', 'Huacchis', '0210', '02'),
('21007', 'Huachis', '0210', '02'),
('21008', 'Huantar', '0210', '02'),
('21009', 'Masin', '0210', '02'),
('21010', 'Paucas', '0210', '02'),
('210101', 'Puno', '2101', '21'),
('210102', 'Acora', '2101', '21'),
('210103', 'Amantani', '2101', '21'),
('210104', 'Atuncolla', '2101', '21'),
('210105', 'Capachica', '2101', '21'),
('210106', 'Chucuito', '2101', '21'),
('210107', 'Coata', '2101', '21'),
('210108', 'Huata', '2101', '21'),
('210109', 'Mañazo', '2101', '21'),
('21011', 'Ponto', '0210', '02'),
('210110', 'Paucarcolla', '2101', '21'),
('210111', 'Pichacani', '2101', '21'),
('210112', 'Plateria', '2101', '21'),
('210113', 'San Antonio', '2101', '21'),
('210114', 'Tiquillaca', '2101', '21'),
('210115', 'Vilque', '2101', '21'),
('21012', 'Rahuapampa', '0210', '02'),
('21013', 'Rapayan', '0210', '02'),
('21014', 'San Marcos', '0210', '02'),
('21015', 'San Pedro de Chana', '0210', '02'),
('21016', 'Uco', '0210', '02'),
('210201', 'Azángaro', '2102', '21'),
('210202', 'Achaya', '2102', '21'),
('210203', 'Arapa', '2102', '21'),
('210204', 'Asillo', '2102', '21'),
('210205', 'Caminaca', '2102', '21'),
('210206', 'Chupa', '2102', '21'),
('210207', 'José Domingo Choquehuanca', '2102', '21'),
('210208', 'Muñani', '2102', '21'),
('210209', 'Potoni', '2102', '21'),
('210210', 'Saman', '2102', '21'),
('210211', 'San Anton', '2102', '21'),
('210212', 'San José', '2102', '21'),
('210213', 'San Juan de Salinas', '2102', '21'),
('210214', 'Santiago de Pupuja', '2102', '21'),
('210215', 'Tirapata', '2102', '21'),
('210301', 'Macusani', '2103', '21'),
('210302', 'Ajoyani', '2103', '21'),
('210303', 'Ayapata', '2103', '21'),
('210304', 'Coasa', '2103', '21'),
('210305', 'Corani', '2103', '21'),
('210306', 'Crucero', '2103', '21'),
('210307', 'Ituata', '2103', '21'),
('210308', 'Ollachea', '2103', '21'),
('210309', 'San Gaban', '2103', '21'),
('210310', 'Usicayos', '2103', '21'),
('210401', 'Juli', '2104', '21'),
('210402', 'Desaguadero', '2104', '21'),
('210403', 'Huacullani', '2104', '21'),
('210404', 'Kelluyo', '2104', '21'),
('210405', 'Pisacoma', '2104', '21'),
('210406', 'Pomata', '2104', '21'),
('210407', 'Zepita', '2104', '21'),
('210501', 'Ilave', '2105', '21'),
('210502', 'Capazo', '2105', '21'),
('210503', 'Pilcuyo', '2105', '21'),
('210504', 'Santa Rosa', '2105', '21'),
('210505', 'Conduriri', '2105', '21'),
('210601', 'Huancane', '2106', '21'),
('210602', 'Cojata', '2106', '21'),
('210603', 'Huatasani', '2106', '21'),
('210604', 'Inchupalla', '2106', '21'),
('210605', 'Pusi', '2106', '21'),
('210606', 'Rosaspata', '2106', '21'),
('210607', 'Taraco', '2106', '21'),
('210608', 'Vilque Chico', '2106', '21'),
('210701', 'Lampa', '2107', '21'),
('210702', 'Cabanilla', '2107', '21'),
('210703', 'Calapuja', '2107', '21'),
('210704', 'Nicasio', '2107', '21'),
('210705', 'Ocuviri', '2107', '21'),
('210706', 'Palca', '2107', '21'),
('210707', 'Paratia', '2107', '21'),
('210708', 'Pucara', '2107', '21'),
('210709', 'Santa Lucia', '2107', '21'),
('210710', 'Vilavila', '2107', '21'),
('210801', 'Ayaviri', '2108', '21'),
('210802', 'Antauta', '2108', '21'),
('210803', 'Cupi', '2108', '21'),
('210804', 'Llalli', '2108', '21'),
('210805', 'Macari', '2108', '21'),
('210806', 'Nuñoa', '2108', '21'),
('210807', 'Orurillo', '2108', '21'),
('210808', 'Santa Rosa', '2108', '21'),
('210809', 'Umachiri', '2108', '21'),
('210901', 'Moho', '2109', '21'),
('210902', 'Conima', '2109', '21'),
('210903', 'Huayrapata', '2109', '21'),
('210904', 'Tilali', '2109', '21'),
('211001', 'Putina', '2110', '21'),
('211002', 'Ananea', '2110', '21'),
('211003', 'Pedro Vilca Apaza', '2110', '21'),
('211004', 'Quilcapuncu', '2110', '21'),
('211005', 'Sina', '2110', '21'),
('21101', 'Huarmey', '0211', '02'),
('21102', 'Cochapeti', '0211', '02'),
('21103', 'Culebras', '0211', '02'),
('21104', 'Huayan', '0211', '02'),
('21105', 'Malvas', '0211', '02'),
('211101', 'Juliaca', '2111', '21'),
('211102', 'Cabana', '2111', '21'),
('211103', 'Cabanillas', '2111', '21'),
('211104', 'Caracoto', '2111', '21'),
('211105', 'San Miguel', '2111', '21'),
('211201', 'Sandia', '2112', '21'),
('211202', 'Cuyocuyo', '2112', '21'),
('211203', 'Limbani', '2112', '21'),
('211204', 'Patambuco', '2112', '21'),
('211205', 'Phara', '2112', '21'),
('211206', 'Quiaca', '2112', '21'),
('211207', 'San Juan del Oro', '2112', '21'),
('211208', 'Yanahuaya', '2112', '21'),
('211209', 'Alto Inambari', '2112', '21'),
('211210', 'San Pedro de Putina Punco', '2112', '21'),
('211301', 'Yunguyo', '2113', '21'),
('211302', 'Anapia', '2113', '21'),
('211303', 'Copani', '2113', '21'),
('211304', 'Cuturapi', '2113', '21'),
('211305', 'Ollaraya', '2113', '21'),
('211306', 'Tinicachi', '2113', '21'),
('211307', 'Unicachi', '2113', '21'),
('21201', 'Caraz', '0212', '02'),
('21202', 'Huallanca', '0212', '02'),
('21203', 'Huata', '0212', '02'),
('21204', 'Huaylas', '0212', '02'),
('21205', 'Mato', '0212', '02'),
('21206', 'Pamparomas', '0212', '02'),
('21207', 'Pueblo Libre', '0212', '02'),
('21208', 'Santa Cruz', '0212', '02'),
('21209', 'Santo Toribio', '0212', '02'),
('21210', 'Yuracmarca', '0212', '02'),
('21301', 'Piscobamba', '0213', '02'),
('21302', 'Casca', '0213', '02'),
('21303', 'Eleazar Guzmán Barron', '0213', '02'),
('21304', 'Fidel Olivas Escudero', '0213', '02'),
('21305', 'Llama', '0213', '02'),
('21306', 'Llumpa', '0213', '02'),
('21307', 'Lucma', '0213', '02'),
('21308', 'Musga', '0213', '02'),
('21401', 'Ocros', '0214', '02'),
('21402', 'Acas', '0214', '02'),
('21403', 'Cajamarquilla', '0214', '02'),
('21404', 'Carhuapampa', '0214', '02'),
('21405', 'Cochas', '0214', '02'),
('21406', 'Congas', '0214', '02'),
('21407', 'Llipa', '0214', '02'),
('21408', 'San Cristóbal de Rajan', '0214', '02'),
('21409', 'San Pedro', '0214', '02'),
('21410', 'Santiago de Chilcas', '0214', '02'),
('21501', 'Cabana', '0215', '02'),
('21502', 'Bolognesi', '0215', '02'),
('21503', 'Conchucos', '0215', '02'),
('21504', 'Huacaschuque', '0215', '02'),
('21505', 'Huandoval', '0215', '02'),
('21506', 'Lacabamba', '0215', '02'),
('21507', 'Llapo', '0215', '02'),
('21508', 'Pallasca', '0215', '02'),
('21509', 'Pampas', '0215', '02'),
('21510', 'Santa Rosa', '0215', '02'),
('21511', 'Tauca', '0215', '02'),
('21601', 'Pomabamba', '0216', '02'),
('21602', 'Huayllan', '0216', '02'),
('21603', 'Parobamba', '0216', '02'),
('21604', 'Quinuabamba', '0216', '02'),
('21701', 'Recuay', '0217', '02'),
('21702', 'Catac', '0217', '02'),
('21703', 'Cotaparaco', '0217', '02'),
('21704', 'Huayllapampa', '0217', '02'),
('21705', 'Llacllin', '0217', '02'),
('21706', 'Marca', '0217', '02'),
('21707', 'Pampas Chico', '0217', '02'),
('21708', 'Pararin', '0217', '02'),
('21709', 'Tapacocha', '0217', '02'),
('21710', 'Ticapampa', '0217', '02'),
('21801', 'Chimbote', '0218', '02'),
('21802', 'Cáceres del Perú', '0218', '02'),
('21803', 'Coishco', '0218', '02'),
('21804', 'Macate', '0218', '02'),
('21805', 'Moro', '0218', '02'),
('21806', 'Nepeña', '0218', '02'),
('21807', 'Samanco', '0218', '02'),
('21808', 'Santa', '0218', '02'),
('21809', 'Nuevo Chimbote', '0218', '02'),
('21901', 'Sihuas', '0219', '02'),
('21902', 'Acobamba', '0219', '02'),
('21903', 'Alfonso Ugarte', '0219', '02'),
('21904', 'Cashapampa', '0219', '02'),
('21905', 'Chingalpo', '0219', '02'),
('21906', 'Huayllabamba', '0219', '02'),
('21907', 'Quiches', '0219', '02'),
('21908', 'Ragash', '0219', '02'),
('21909', 'San Juan', '0219', '02'),
('21910', 'Sicsibamba', '0219', '02'),
('22001', 'Yungay', '0220', '02'),
('22002', 'Cascapara', '0220', '02'),
('22003', 'Mancos', '0220', '02'),
('22004', 'Matacoto', '0220', '02'),
('22005', 'Quillo', '0220', '02'),
('22006', 'Ranrahirca', '0220', '02'),
('22007', 'Shupluy', '0220', '02'),
('22008', 'Yanama', '0220', '02'),
('220101', 'Moyobamba', '2201', '22'),
('220102', 'Calzada', '2201', '22'),
('220103', 'Habana', '2201', '22'),
('220104', 'Jepelacio', '2201', '22'),
('220105', 'Soritor', '2201', '22'),
('220106', 'Yantalo', '2201', '22'),
('220201', 'Bellavista', '2202', '22'),
('220202', 'Alto Biavo', '2202', '22'),
('220203', 'Bajo Biavo', '2202', '22'),
('220204', 'Huallaga', '2202', '22'),
('220205', 'San Pablo', '2202', '22'),
('220206', 'San Rafael', '2202', '22'),
('220301', 'San José de Sisa', '2203', '22'),
('220302', 'Agua Blanca', '2203', '22'),
('220303', 'San Martín', '2203', '22'),
('220304', 'Santa Rosa', '2203', '22'),
('220305', 'Shatoja', '2203', '22'),
('220401', 'Saposoa', '2204', '22'),
('220402', 'Alto Saposoa', '2204', '22'),
('220403', 'El Eslabón', '2204', '22'),
('220404', 'Piscoyacu', '2204', '22'),
('220405', 'Sacanche', '2204', '22'),
('220406', 'Tingo de Saposoa', '2204', '22'),
('220501', 'Lamas', '2205', '22'),
('220502', 'Alonso de Alvarado', '2205', '22'),
('220503', 'Barranquita', '2205', '22'),
('220504', 'Caynarachi', '2205', '22'),
('220505', 'Cuñumbuqui', '2205', '22'),
('220506', 'Pinto Recodo', '2205', '22'),
('220507', 'Rumisapa', '2205', '22'),
('220508', 'San Roque de Cumbaza', '2205', '22'),
('220509', 'Shanao', '2205', '22'),
('220510', 'Tabalosos', '2205', '22'),
('220511', 'Zapatero', '2205', '22'),
('220601', 'Juanjuí', '2206', '22'),
('220602', 'Campanilla', '2206', '22'),
('220603', 'Huicungo', '2206', '22'),
('220604', 'Pachiza', '2206', '22'),
('220605', 'Pajarillo', '2206', '22'),
('220701', 'Picota', '2207', '22'),
('220702', 'Buenos Aires', '2207', '22'),
('220703', 'Caspisapa', '2207', '22'),
('220704', 'Pilluana', '2207', '22'),
('220705', 'Pucacaca', '2207', '22'),
('220706', 'San Cristóbal', '2207', '22'),
('220707', 'San Hilarión', '2207', '22'),
('220708', 'Shamboyacu', '2207', '22'),
('220709', 'Tingo de Ponasa', '2207', '22'),
('220710', 'Tres Unidos', '2207', '22'),
('220801', 'Rioja', '2208', '22'),
('220802', 'Awajun', '2208', '22'),
('220803', 'Elías Soplin Vargas', '2208', '22'),
('220804', 'Nueva Cajamarca', '2208', '22'),
('220805', 'Pardo Miguel', '2208', '22'),
('220806', 'Posic', '2208', '22'),
('220807', 'San Fernando', '2208', '22'),
('220808', 'Yorongos', '2208', '22'),
('220809', 'Yuracyacu', '2208', '22'),
('220901', 'Tarapoto', '2209', '22'),
('220902', 'Alberto Leveau', '2209', '22'),
('220903', 'Cacatachi', '2209', '22'),
('220904', 'Chazuta', '2209', '22'),
('220905', 'Chipurana', '2209', '22'),
('220906', 'El Porvenir', '2209', '22'),
('220907', 'Huimbayoc', '2209', '22'),
('220908', 'Juan Guerra', '2209', '22'),
('220909', 'La Banda de Shilcayo', '2209', '22'),
('220910', 'Morales', '2209', '22'),
('220911', 'Papaplaya', '2209', '22'),
('220912', 'San Antonio', '2209', '22'),
('220913', 'Sauce', '2209', '22'),
('220914', 'Shapaja', '2209', '22'),
('221001', 'Tocache', '2210', '22'),
('221002', 'Nuevo Progreso', '2210', '22'),
('221003', 'Polvora', '2210', '22'),
('221004', 'Shunte', '2210', '22'),
('221005', 'Uchiza', '2210', '22'),
('230101', 'Tacna', '2301', '23'),
('230102', 'Alto de la Alianza', '2301', '23'),
('230103', 'Calana', '2301', '23'),
('230104', 'Ciudad Nueva', '2301', '23'),
('230105', 'Inclan', '2301', '23'),
('230106', 'Pachia', '2301', '23'),
('230107', 'Palca', '2301', '23'),
('230108', 'Pocollay', '2301', '23'),
('230109', 'Sama', '2301', '23'),
('230110', 'Coronel Gregorio Albarracín Lanchipa', '2301', '23'),
('230111', 'La Yarada los Palos', '2301', '23'),
('230201', 'Candarave', '2302', '23'),
('230202', 'Cairani', '2302', '23'),
('230203', 'Camilaca', '2302', '23'),
('230204', 'Curibaya', '2302', '23'),
('230205', 'Huanuara', '2302', '23'),
('230206', 'Quilahuani', '2302', '23'),
('230301', 'Locumba', '2303', '23'),
('230302', 'Ilabaya', '2303', '23'),
('230303', 'Ite', '2303', '23'),
('230401', 'Tarata', '2304', '23'),
('230402', 'Héroes Albarracín', '2304', '23'),
('230403', 'Estique', '2304', '23'),
('230404', 'Estique-Pampa', '2304', '23'),
('230405', 'Sitajara', '2304', '23'),
('230406', 'Susapaya', '2304', '23'),
('230407', 'Tarucachi', '2304', '23'),
('230408', 'Ticaco', '2304', '23'),
('240101', 'Tumbes', '2401', '24'),
('240102', 'Corrales', '2401', '24'),
('240103', 'La Cruz', '2401', '24'),
('240104', 'Pampas de Hospital', '2401', '24'),
('240105', 'San Jacinto', '2401', '24'),
('240106', 'San Juan de la Virgen', '2401', '24'),
('240201', 'Zorritos', '2402', '24'),
('240202', 'Casitas', '2402', '24'),
('240203', 'Canoas de Punta Sal', '2402', '24'),
('240301', 'Zarumilla', '2403', '24'),
('240302', 'Aguas Verdes', '2403', '24'),
('240303', 'Matapalo', '2403', '24'),
('240304', 'Papayal', '2403', '24'),
('250101', 'Calleria', '2501', '25'),
('250102', 'Campoverde', '2501', '25'),
('250103', 'Iparia', '2501', '25'),
('250104', 'Masisea', '2501', '25'),
('250105', 'Yarinacocha', '2501', '25'),
('250106', 'Nueva Requena', '2501', '25'),
('250107', 'Manantay', '2501', '25'),
('250201', 'Raymondi', '2502', '25'),
('250202', 'Sepahua', '2502', '25'),
('250203', 'Tahuania', '2502', '25'),
('250204', 'Yurua', '2502', '25'),
('250301', 'Padre Abad', '2503', '25'),
('250302', 'Irazola', '2503', '25'),
('250303', 'Curimana', '2503', '25'),
('250304', 'Neshuya', '2503', '25'),
('250305', 'Alexander Von Humboldt', '2503', '25'),
('250401', 'Purus', '2504', '25'),
('30101', 'Abancay', '0301', '03'),
('30102', 'Chacoche', '0301', '03'),
('30103', 'Circa', '0301', '03'),
('30104', 'Curahuasi', '0301', '03'),
('30105', 'Huanipaca', '0301', '03'),
('30106', 'Lambrama', '0301', '03'),
('30107', 'Pichirhua', '0301', '03'),
('30108', 'San Pedro de Cachora', '0301', '03'),
('30109', 'Tamburco', '0301', '03'),
('30201', 'Andahuaylas', '0302', '03'),
('30202', 'Andarapa', '0302', '03'),
('30203', 'Chiara', '0302', '03'),
('30204', 'Huancarama', '0302', '03'),
('30205', 'Huancaray', '0302', '03'),
('30206', 'Huayana', '0302', '03'),
('30207', 'Kishuara', '0302', '03'),
('30208', 'Pacobamba', '0302', '03'),
('30209', 'Pacucha', '0302', '03'),
('30210', 'Pampachiri', '0302', '03'),
('30211', 'Pomacocha', '0302', '03'),
('30212', 'San Antonio de Cachi', '0302', '03'),
('30213', 'San Jerónimo', '0302', '03'),
('30214', 'San Miguel de Chaccrampa', '0302', '03'),
('30215', 'Santa María de Chicmo', '0302', '03'),
('30216', 'Talavera', '0302', '03'),
('30217', 'Tumay Huaraca', '0302', '03'),
('30218', 'Turpo', '0302', '03'),
('30219', 'Kaquiabamba', '0302', '03'),
('30220', 'José María Arguedas', '0302', '03'),
('30301', 'Antabamba', '0303', '03'),
('30302', 'El Oro', '0303', '03'),
('30303', 'Huaquirca', '0303', '03'),
('30304', 'Juan Espinoza Medrano', '0303', '03'),
('30305', 'Oropesa', '0303', '03'),
('30306', 'Pachaconas', '0303', '03'),
('30307', 'Sabaino', '0303', '03'),
('30401', 'Chalhuanca', '0304', '03'),
('30402', 'Capaya', '0304', '03'),
('30403', 'Caraybamba', '0304', '03'),
('30404', 'Chapimarca', '0304', '03'),
('30405', 'Colcabamba', '0304', '03'),
('30406', 'Cotaruse', '0304', '03'),
('30407', 'Ihuayllo', '0304', '03'),
('30408', 'Justo Apu Sahuaraura', '0304', '03'),
('30409', 'Lucre', '0304', '03'),
('30410', 'Pocohuanca', '0304', '03'),
('30411', 'San Juan de Chacña', '0304', '03'),
('30412', 'Sañayca', '0304', '03'),
('30413', 'Soraya', '0304', '03'),
('30414', 'Tapairihua', '0304', '03'),
('30415', 'Tintay', '0304', '03'),
('30416', 'Toraya', '0304', '03'),
('30417', 'Yanaca', '0304', '03'),
('30501', 'Tambobamba', '0305', '03'),
('30502', 'Cotabambas', '0305', '03'),
('30503', 'Coyllurqui', '0305', '03'),
('30504', 'Haquira', '0305', '03'),
('30505', 'Mara', '0305', '03'),
('30506', 'Challhuahuacho', '0305', '03'),
('30601', 'Chincheros', '0306', '03'),
('30602', 'Anco_Huallo', '0306', '03'),
('30603', 'Cocharcas', '0306', '03'),
('30604', 'Huaccana', '0306', '03'),
('30605', 'Ocobamba', '0306', '03'),
('30606', 'Ongoy', '0306', '03'),
('30607', 'Uranmarca', '0306', '03'),
('30608', 'Ranracancha', '0306', '03'),
('30609', 'Rocchacc', '0306', '03'),
('30610', 'El Porvenir', '0306', '03'),
('30611', 'Los Chankas', '0306', '03'),
('30701', 'Chuquibambilla', '0307', '03'),
('30702', 'Curpahuasi', '0307', '03'),
('30703', 'Gamarra', '0307', '03'),
('30704', 'Huayllati', '0307', '03'),
('30705', 'Mamara', '0307', '03'),
('30706', 'Micaela Bastidas', '0307', '03'),
('30707', 'Pataypampa', '0307', '03'),
('30708', 'Progreso', '0307', '03'),
('30709', 'San Antonio', '0307', '03'),
('30710', 'Santa Rosa', '0307', '03'),
('30711', 'Turpay', '0307', '03'),
('30712', 'Vilcabamba', '0307', '03'),
('30713', 'Virundo', '0307', '03'),
('30714', 'Curasco', '0307', '03'),
('40101', 'Arequipa', '0401', '04'),
('40102', 'Alto Selva Alegre', '0401', '04'),
('40103', 'Cayma', '0401', '04'),
('40104', 'Cerro Colorado', '0401', '04'),
('40105', 'Characato', '0401', '04'),
('40106', 'Chiguata', '0401', '04'),
('40107', 'Jacobo Hunter', '0401', '04'),
('40108', 'La Joya', '0401', '04'),
('40109', 'Mariano Melgar', '0401', '04'),
('40110', 'Miraflores', '0401', '04'),
('40111', 'Mollebaya', '0401', '04'),
('40112', 'Paucarpata', '0401', '04'),
('40113', 'Pocsi', '0401', '04'),
('40114', 'Polobaya', '0401', '04'),
('40115', 'Quequeña', '0401', '04'),
('40116', 'Sabandia', '0401', '04'),
('40117', 'Sachaca', '0401', '04'),
('40118', 'San Juan de Siguas', '0401', '04'),
('40119', 'San Juan de Tarucani', '0401', '04'),
('40120', 'Santa Isabel de Siguas', '0401', '04'),
('40121', 'Santa Rita de Siguas', '0401', '04'),
('40122', 'Socabaya', '0401', '04'),
('40123', 'Tiabaya', '0401', '04'),
('40124', 'Uchumayo', '0401', '04'),
('40125', 'Vitor', '0401', '04'),
('40126', 'Yanahuara', '0401', '04'),
('40127', 'Yarabamba', '0401', '04'),
('40128', 'Yura', '0401', '04'),
('40129', 'José Luis Bustamante Y Rivero', '0401', '04'),
('40201', 'Camaná', '0402', '04'),
('40202', 'José María Quimper', '0402', '04'),
('40203', 'Mariano Nicolás Valcárcel', '0402', '04'),
('40204', 'Mariscal Cáceres', '0402', '04'),
('40205', 'Nicolás de Pierola', '0402', '04'),
('40206', 'Ocoña', '0402', '04'),
('40207', 'Quilca', '0402', '04'),
('40208', 'Samuel Pastor', '0402', '04'),
('40301', 'Caravelí', '0403', '04'),
('40302', 'Acarí', '0403', '04'),
('40303', 'Atico', '0403', '04'),
('40304', 'Atiquipa', '0403', '04'),
('40305', 'Bella Unión', '0403', '04'),
('40306', 'Cahuacho', '0403', '04'),
('40307', 'Chala', '0403', '04'),
('40308', 'Chaparra', '0403', '04'),
('40309', 'Huanuhuanu', '0403', '04'),
('40310', 'Jaqui', '0403', '04');
INSERT INTO `distrito` (`id`, `name`, `provincia_id`, `departamento_id`) VALUES
('40311', 'Lomas', '0403', '04'),
('40312', 'Quicacha', '0403', '04'),
('40313', 'Yauca', '0403', '04'),
('40401', 'Aplao', '0404', '04'),
('40402', 'Andagua', '0404', '04'),
('40403', 'Ayo', '0404', '04'),
('40404', 'Chachas', '0404', '04'),
('40405', 'Chilcaymarca', '0404', '04'),
('40406', 'Choco', '0404', '04'),
('40407', 'Huancarqui', '0404', '04'),
('40408', 'Machaguay', '0404', '04'),
('40409', 'Orcopampa', '0404', '04'),
('40410', 'Pampacolca', '0404', '04'),
('40411', 'Tipan', '0404', '04'),
('40412', 'Uñon', '0404', '04'),
('40413', 'Uraca', '0404', '04'),
('40414', 'Viraco', '0404', '04'),
('40501', 'Chivay', '0405', '04'),
('40502', 'Achoma', '0405', '04'),
('40503', 'Cabanaconde', '0405', '04'),
('40504', 'Callalli', '0405', '04'),
('40505', 'Caylloma', '0405', '04'),
('40506', 'Coporaque', '0405', '04'),
('40507', 'Huambo', '0405', '04'),
('40508', 'Huanca', '0405', '04'),
('40509', 'Ichupampa', '0405', '04'),
('40510', 'Lari', '0405', '04'),
('40511', 'Lluta', '0405', '04'),
('40512', 'Maca', '0405', '04'),
('40513', 'Madrigal', '0405', '04'),
('40514', 'San Antonio de Chuca', '0405', '04'),
('40515', 'Sibayo', '0405', '04'),
('40516', 'Tapay', '0405', '04'),
('40517', 'Tisco', '0405', '04'),
('40518', 'Tuti', '0405', '04'),
('40519', 'Yanque', '0405', '04'),
('40520', 'Majes', '0405', '04'),
('40601', 'Chuquibamba', '0406', '04'),
('40602', 'Andaray', '0406', '04'),
('40603', 'Cayarani', '0406', '04'),
('40604', 'Chichas', '0406', '04'),
('40605', 'Iray', '0406', '04'),
('40606', 'Río Grande', '0406', '04'),
('40607', 'Salamanca', '0406', '04'),
('40608', 'Yanaquihua', '0406', '04'),
('40701', 'Mollendo', '0407', '04'),
('40702', 'Cocachacra', '0407', '04'),
('40703', 'Dean Valdivia', '0407', '04'),
('40704', 'Islay', '0407', '04'),
('40705', 'Mejia', '0407', '04'),
('40706', 'Punta de Bombón', '0407', '04'),
('40801', 'Cotahuasi', '0408', '04'),
('40802', 'Alca', '0408', '04'),
('40803', 'Charcana', '0408', '04'),
('40804', 'Huaynacotas', '0408', '04'),
('40805', 'Pampamarca', '0408', '04'),
('40806', 'Puyca', '0408', '04'),
('40807', 'Quechualla', '0408', '04'),
('40808', 'Sayla', '0408', '04'),
('40809', 'Tauria', '0408', '04'),
('40810', 'Tomepampa', '0408', '04'),
('40811', 'Toro', '0408', '04'),
('50101', 'Ayacucho', '0501', '05'),
('50102', 'Acocro', '0501', '05'),
('50103', 'Acos Vinchos', '0501', '05'),
('50104', 'Carmen Alto', '0501', '05'),
('50105', 'Chiara', '0501', '05'),
('50106', 'Ocros', '0501', '05'),
('50107', 'Pacaycasa', '0501', '05'),
('50108', 'Quinua', '0501', '05'),
('50109', 'San José de Ticllas', '0501', '05'),
('50110', 'San Juan Bautista', '0501', '05'),
('50111', 'Santiago de Pischa', '0501', '05'),
('50112', 'Socos', '0501', '05'),
('50113', 'Tambillo', '0501', '05'),
('50114', 'Vinchos', '0501', '05'),
('50115', 'Jesús Nazareno', '0501', '05'),
('50116', 'Andrés Avelino Cáceres Dorregaray', '0501', '05'),
('50201', 'Cangallo', '0502', '05'),
('50202', 'Chuschi', '0502', '05'),
('50203', 'Los Morochucos', '0502', '05'),
('50204', 'María Parado de Bellido', '0502', '05'),
('50205', 'Paras', '0502', '05'),
('50206', 'Totos', '0502', '05'),
('50301', 'Sancos', '0503', '05'),
('50302', 'Carapo', '0503', '05'),
('50303', 'Sacsamarca', '0503', '05'),
('50304', 'Santiago de Lucanamarca', '0503', '05'),
('50401', 'Huanta', '0504', '05'),
('50402', 'Ayahuanco', '0504', '05'),
('50403', 'Huamanguilla', '0504', '05'),
('50404', 'Iguain', '0504', '05'),
('50405', 'Luricocha', '0504', '05'),
('50406', 'Santillana', '0504', '05'),
('50407', 'Sivia', '0504', '05'),
('50408', 'Llochegua', '0504', '05'),
('50409', 'Canayre', '0504', '05'),
('50410', 'Uchuraccay', '0504', '05'),
('50411', 'Pucacolpa', '0504', '05'),
('50412', 'Chaca', '0504', '05'),
('50501', 'San Miguel', '0505', '05'),
('50502', 'Anco', '0505', '05'),
('50503', 'Ayna', '0505', '05'),
('50504', 'Chilcas', '0505', '05'),
('50505', 'Chungui', '0505', '05'),
('50506', 'Luis Carranza', '0505', '05'),
('50507', 'Santa Rosa', '0505', '05'),
('50508', 'Tambo', '0505', '05'),
('50509', 'Samugari', '0505', '05'),
('50510', 'Anchihuay', '0505', '05'),
('50511', 'Oronccoy', '0505', '05'),
('50601', 'Puquio', '0506', '05'),
('50602', 'Aucara', '0506', '05'),
('50603', 'Cabana', '0506', '05'),
('50604', 'Carmen Salcedo', '0506', '05'),
('50605', 'Chaviña', '0506', '05'),
('50606', 'Chipao', '0506', '05'),
('50607', 'Huac-Huas', '0506', '05'),
('50608', 'Laramate', '0506', '05'),
('50609', 'Leoncio Prado', '0506', '05'),
('50610', 'Llauta', '0506', '05'),
('50611', 'Lucanas', '0506', '05'),
('50612', 'Ocaña', '0506', '05'),
('50613', 'Otoca', '0506', '05'),
('50614', 'Saisa', '0506', '05'),
('50615', 'San Cristóbal', '0506', '05'),
('50616', 'San Juan', '0506', '05'),
('50617', 'San Pedro', '0506', '05'),
('50618', 'San Pedro de Palco', '0506', '05'),
('50619', 'Sancos', '0506', '05'),
('50620', 'Santa Ana de Huaycahuacho', '0506', '05'),
('50621', 'Santa Lucia', '0506', '05'),
('50701', 'Coracora', '0507', '05'),
('50702', 'Chumpi', '0507', '05'),
('50703', 'Coronel Castañeda', '0507', '05'),
('50704', 'Pacapausa', '0507', '05'),
('50705', 'Pullo', '0507', '05'),
('50706', 'Puyusca', '0507', '05'),
('50707', 'San Francisco de Ravacayco', '0507', '05'),
('50708', 'Upahuacho', '0507', '05'),
('50801', 'Pausa', '0508', '05'),
('50802', 'Colta', '0508', '05'),
('50803', 'Corculla', '0508', '05'),
('50804', 'Lampa', '0508', '05'),
('50805', 'Marcabamba', '0508', '05'),
('50806', 'Oyolo', '0508', '05'),
('50807', 'Pararca', '0508', '05'),
('50808', 'San Javier de Alpabamba', '0508', '05'),
('50809', 'San José de Ushua', '0508', '05'),
('50810', 'Sara Sara', '0508', '05'),
('50901', 'Querobamba', '0509', '05'),
('50902', 'Belén', '0509', '05'),
('50903', 'Chalcos', '0509', '05'),
('50904', 'Chilcayoc', '0509', '05'),
('50905', 'Huacaña', '0509', '05'),
('50906', 'Morcolla', '0509', '05'),
('50907', 'Paico', '0509', '05'),
('50908', 'San Pedro de Larcay', '0509', '05'),
('50909', 'San Salvador de Quije', '0509', '05'),
('50910', 'Santiago de Paucaray', '0509', '05'),
('50911', 'Soras', '0509', '05'),
('51001', 'Huancapi', '0510', '05'),
('51002', 'Alcamenca', '0510', '05'),
('51003', 'Apongo', '0510', '05'),
('51004', 'Asquipata', '0510', '05'),
('51005', 'Canaria', '0510', '05'),
('51006', 'Cayara', '0510', '05'),
('51007', 'Colca', '0510', '05'),
('51008', 'Huamanquiquia', '0510', '05'),
('51009', 'Huancaraylla', '0510', '05'),
('51010', 'Hualla', '0510', '05'),
('51011', 'Sarhua', '0510', '05'),
('51012', 'Vilcanchos', '0510', '05'),
('51101', 'Vilcas Huaman', '0511', '05'),
('51102', 'Accomarca', '0511', '05'),
('51103', 'Carhuanca', '0511', '05'),
('51104', 'Concepción', '0511', '05'),
('51105', 'Huambalpa', '0511', '05'),
('51106', 'Independencia', '0511', '05'),
('51107', 'Saurama', '0511', '05'),
('51108', 'Vischongo', '0511', '05'),
('60101', 'Cajamarca', '0601', '06'),
('60102', 'Asunción', '0601', '06'),
('60103', 'Chetilla', '0601', '06'),
('60104', 'Cospan', '0601', '06'),
('60105', 'Encañada', '0601', '06'),
('60106', 'Jesús', '0601', '06'),
('60107', 'Llacanora', '0601', '06'),
('60108', 'Los Baños del Inca', '0601', '06'),
('60109', 'Magdalena', '0601', '06'),
('60110', 'Matara', '0601', '06'),
('60111', 'Namora', '0601', '06'),
('60112', 'San Juan', '0601', '06'),
('60201', 'Cajabamba', '0602', '06'),
('60202', 'Cachachi', '0602', '06'),
('60203', 'Condebamba', '0602', '06'),
('60204', 'Sitacocha', '0602', '06'),
('60301', 'Celendín', '0603', '06'),
('60302', 'Chumuch', '0603', '06'),
('60303', 'Cortegana', '0603', '06'),
('60304', 'Huasmin', '0603', '06'),
('60305', 'Jorge Chávez', '0603', '06'),
('60306', 'José Gálvez', '0603', '06'),
('60307', 'Miguel Iglesias', '0603', '06'),
('60308', 'Oxamarca', '0603', '06'),
('60309', 'Sorochuco', '0603', '06'),
('60310', 'Sucre', '0603', '06'),
('60311', 'Utco', '0603', '06'),
('60312', 'La Libertad de Pallan', '0603', '06'),
('60401', 'Chota', '0604', '06'),
('60402', 'Anguia', '0604', '06'),
('60403', 'Chadin', '0604', '06'),
('60404', 'Chiguirip', '0604', '06'),
('60405', 'Chimban', '0604', '06'),
('60406', 'Choropampa', '0604', '06'),
('60407', 'Cochabamba', '0604', '06'),
('60408', 'Conchan', '0604', '06'),
('60409', 'Huambos', '0604', '06'),
('60410', 'Lajas', '0604', '06'),
('60411', 'Llama', '0604', '06'),
('60412', 'Miracosta', '0604', '06'),
('60413', 'Paccha', '0604', '06'),
('60414', 'Pion', '0604', '06'),
('60415', 'Querocoto', '0604', '06'),
('60416', 'San Juan de Licupis', '0604', '06'),
('60417', 'Tacabamba', '0604', '06'),
('60418', 'Tocmoche', '0604', '06'),
('60419', 'Chalamarca', '0604', '06'),
('60501', 'Contumaza', '0605', '06'),
('60502', 'Chilete', '0605', '06'),
('60503', 'Cupisnique', '0605', '06'),
('60504', 'Guzmango', '0605', '06'),
('60505', 'San Benito', '0605', '06'),
('60506', 'Santa Cruz de Toledo', '0605', '06'),
('60507', 'Tantarica', '0605', '06'),
('60508', 'Yonan', '0605', '06'),
('60601', 'Cutervo', '0606', '06'),
('60602', 'Callayuc', '0606', '06'),
('60603', 'Choros', '0606', '06'),
('60604', 'Cujillo', '0606', '06'),
('60605', 'La Ramada', '0606', '06'),
('60606', 'Pimpingos', '0606', '06'),
('60607', 'Querocotillo', '0606', '06'),
('60608', 'San Andrés de Cutervo', '0606', '06'),
('60609', 'San Juan de Cutervo', '0606', '06'),
('60610', 'San Luis de Lucma', '0606', '06'),
('60611', 'Santa Cruz', '0606', '06'),
('60612', 'Santo Domingo de la Capilla', '0606', '06'),
('60613', 'Santo Tomas', '0606', '06'),
('60614', 'Socota', '0606', '06'),
('60615', 'Toribio Casanova', '0606', '06'),
('60701', 'Bambamarca', '0607', '06'),
('60702', 'Chugur', '0607', '06'),
('60703', 'Hualgayoc', '0607', '06'),
('60801', 'Jaén', '0608', '06'),
('60802', 'Bellavista', '0608', '06'),
('60803', 'Chontali', '0608', '06'),
('60804', 'Colasay', '0608', '06'),
('60805', 'Huabal', '0608', '06'),
('60806', 'Las Pirias', '0608', '06'),
('60807', 'Pomahuaca', '0608', '06'),
('60808', 'Pucara', '0608', '06'),
('60809', 'Sallique', '0608', '06'),
('60810', 'San Felipe', '0608', '06'),
('60811', 'San José del Alto', '0608', '06'),
('60812', 'Santa Rosa', '0608', '06'),
('60901', 'San Ignacio', '0609', '06'),
('60902', 'Chirinos', '0609', '06'),
('60903', 'Huarango', '0609', '06'),
('60904', 'La Coipa', '0609', '06'),
('60905', 'Namballe', '0609', '06'),
('60906', 'San José de Lourdes', '0609', '06'),
('60907', 'Tabaconas', '0609', '06'),
('61001', 'Pedro Gálvez', '0610', '06'),
('61002', 'Chancay', '0610', '06'),
('61003', 'Eduardo Villanueva', '0610', '06'),
('61004', 'Gregorio Pita', '0610', '06'),
('61005', 'Ichocan', '0610', '06'),
('61006', 'José Manuel Quiroz', '0610', '06'),
('61007', 'José Sabogal', '0610', '06'),
('61101', 'San Miguel', '0611', '06'),
('61102', 'Bolívar', '0611', '06'),
('61103', 'Calquis', '0611', '06'),
('61104', 'Catilluc', '0611', '06'),
('61105', 'El Prado', '0611', '06'),
('61106', 'La Florida', '0611', '06'),
('61107', 'Llapa', '0611', '06'),
('61108', 'Nanchoc', '0611', '06'),
('61109', 'Niepos', '0611', '06'),
('61110', 'San Gregorio', '0611', '06'),
('61111', 'San Silvestre de Cochan', '0611', '06'),
('61112', 'Tongod', '0611', '06'),
('61113', 'Unión Agua Blanca', '0611', '06'),
('61201', 'San Pablo', '0612', '06'),
('61202', 'San Bernardino', '0612', '06'),
('61203', 'San Luis', '0612', '06'),
('61204', 'Tumbaden', '0612', '06'),
('61301', 'Santa Cruz', '0613', '06'),
('61302', 'Andabamba', '0613', '06'),
('61303', 'Catache', '0613', '06'),
('61304', 'Chancaybaños', '0613', '06'),
('61305', 'La Esperanza', '0613', '06'),
('61306', 'Ninabamba', '0613', '06'),
('61307', 'Pulan', '0613', '06'),
('61308', 'Saucepampa', '0613', '06'),
('61309', 'Sexi', '0613', '06'),
('61310', 'Uticyacu', '0613', '06'),
('61311', 'Yauyucan', '0613', '06'),
('70101', 'Callao', '0701', '07'),
('70102', 'Bellavista', '0701', '07'),
('70103', 'Carmen de la Legua Reynoso', '0701', '07'),
('70104', 'La Perla', '0701', '07'),
('70105', 'La Punta', '0701', '07'),
('70106', 'Ventanilla', '0701', '07'),
('70107', 'Mi Perú', '0701', '07'),
('80101', 'Cusco', '0801', '08'),
('80102', 'Ccorca', '0801', '08'),
('80103', 'Poroy', '0801', '08'),
('80104', 'San Jerónimo', '0801', '08'),
('80105', 'San Sebastian', '0801', '08'),
('80106', 'Santiago', '0801', '08'),
('80107', 'Saylla', '0801', '08'),
('80108', 'Wanchaq', '0801', '08'),
('80201', 'Acomayo', '0802', '08'),
('80202', 'Acopia', '0802', '08'),
('80203', 'Acos', '0802', '08'),
('80204', 'Mosoc Llacta', '0802', '08'),
('80205', 'Pomacanchi', '0802', '08'),
('80206', 'Rondocan', '0802', '08'),
('80207', 'Sangarara', '0802', '08'),
('80301', 'Anta', '0803', '08'),
('80302', 'Ancahuasi', '0803', '08'),
('80303', 'Cachimayo', '0803', '08'),
('80304', 'Chinchaypujio', '0803', '08'),
('80305', 'Huarocondo', '0803', '08'),
('80306', 'Limatambo', '0803', '08'),
('80307', 'Mollepata', '0803', '08'),
('80308', 'Pucyura', '0803', '08'),
('80309', 'Zurite', '0803', '08'),
('80401', 'Calca', '0804', '08'),
('80402', 'Coya', '0804', '08'),
('80403', 'Lamay', '0804', '08'),
('80404', 'Lares', '0804', '08'),
('80405', 'Pisac', '0804', '08'),
('80406', 'San Salvador', '0804', '08'),
('80407', 'Taray', '0804', '08'),
('80408', 'Yanatile', '0804', '08'),
('80501', 'Yanaoca', '0805', '08'),
('80502', 'Checca', '0805', '08'),
('80503', 'Kunturkanki', '0805', '08'),
('80504', 'Langui', '0805', '08'),
('80505', 'Layo', '0805', '08'),
('80506', 'Pampamarca', '0805', '08'),
('80507', 'Quehue', '0805', '08'),
('80508', 'Tupac Amaru', '0805', '08'),
('80601', 'Sicuani', '0806', '08'),
('80602', 'Checacupe', '0806', '08'),
('80603', 'Combapata', '0806', '08'),
('80604', 'Marangani', '0806', '08'),
('80605', 'Pitumarca', '0806', '08'),
('80606', 'San Pablo', '0806', '08'),
('80607', 'San Pedro', '0806', '08'),
('80608', 'Tinta', '0806', '08'),
('80701', 'Santo Tomas', '0807', '08'),
('80702', 'Capacmarca', '0807', '08'),
('80703', 'Chamaca', '0807', '08'),
('80704', 'Colquemarca', '0807', '08'),
('80705', 'Livitaca', '0807', '08'),
('80706', 'Llusco', '0807', '08'),
('80707', 'Quiñota', '0807', '08'),
('80708', 'Velille', '0807', '08'),
('80801', 'Espinar', '0808', '08'),
('80802', 'Condoroma', '0808', '08'),
('80803', 'Coporaque', '0808', '08'),
('80804', 'Ocoruro', '0808', '08'),
('80805', 'Pallpata', '0808', '08'),
('80806', 'Pichigua', '0808', '08'),
('80807', 'Suyckutambo', '0808', '08'),
('80808', 'Alto Pichigua', '0808', '08'),
('80901', 'Santa Ana', '0809', '08'),
('80902', 'Echarate', '0809', '08'),
('80903', 'Huayopata', '0809', '08'),
('80904', 'Maranura', '0809', '08'),
('80905', 'Ocobamba', '0809', '08'),
('80906', 'Quellouno', '0809', '08'),
('80907', 'Kimbiri', '0809', '08'),
('80908', 'Santa Teresa', '0809', '08'),
('80909', 'Vilcabamba', '0809', '08'),
('80910', 'Pichari', '0809', '08'),
('80911', 'Inkawasi', '0809', '08'),
('80912', 'Villa Virgen', '0809', '08'),
('80913', 'Villa Kintiarina', '0809', '08'),
('80914', 'Megantoni', '0809', '08'),
('81001', 'Paruro', '0810', '08'),
('81002', 'Accha', '0810', '08'),
('81003', 'Ccapi', '0810', '08'),
('81004', 'Colcha', '0810', '08'),
('81005', 'Huanoquite', '0810', '08'),
('81006', 'Omachaç', '0810', '08'),
('81007', 'Paccaritambo', '0810', '08'),
('81008', 'Pillpinto', '0810', '08'),
('81009', 'Yaurisque', '0810', '08'),
('81101', 'Paucartambo', '0811', '08'),
('81102', 'Caicay', '0811', '08'),
('81103', 'Challabamba', '0811', '08'),
('81104', 'Colquepata', '0811', '08'),
('81105', 'Huancarani', '0811', '08'),
('81106', 'Kosñipata', '0811', '08'),
('81201', 'Urcos', '0812', '08'),
('81202', 'Andahuaylillas', '0812', '08'),
('81203', 'Camanti', '0812', '08'),
('81204', 'Ccarhuayo', '0812', '08'),
('81205', 'Ccatca', '0812', '08'),
('81206', 'Cusipata', '0812', '08'),
('81207', 'Huaro', '0812', '08'),
('81208', 'Lucre', '0812', '08'),
('81209', 'Marcapata', '0812', '08'),
('81210', 'Ocongate', '0812', '08'),
('81211', 'Oropesa', '0812', '08'),
('81212', 'Quiquijana', '0812', '08'),
('81301', 'Urubamba', '0813', '08'),
('81302', 'Chinchero', '0813', '08'),
('81303', 'Huayllabamba', '0813', '08'),
('81304', 'Machupicchu', '0813', '08'),
('81305', 'Maras', '0813', '08'),
('81306', 'Ollantaytambo', '0813', '08'),
('81307', 'Yucay', '0813', '08'),
('90101', 'Huancavelica', '0901', '09'),
('90102', 'Acobambilla', '0901', '09'),
('90103', 'Acoria', '0901', '09'),
('90104', 'Conayca', '0901', '09'),
('90105', 'Cuenca', '0901', '09'),
('90106', 'Huachocolpa', '0901', '09'),
('90107', 'Huayllahuara', '0901', '09'),
('90108', 'Izcuchaca', '0901', '09'),
('90109', 'Laria', '0901', '09'),
('90110', 'Manta', '0901', '09'),
('90111', 'Mariscal Cáceres', '0901', '09'),
('90112', 'Moya', '0901', '09'),
('90113', 'Nuevo Occoro', '0901', '09'),
('90114', 'Palca', '0901', '09'),
('90115', 'Pilchaca', '0901', '09'),
('90116', 'Vilca', '0901', '09'),
('90117', 'Yauli', '0901', '09'),
('90118', 'Ascensión', '0901', '09'),
('90119', 'Huando', '0901', '09'),
('90201', 'Acobamba', '0902', '09'),
('90202', 'Andabamba', '0902', '09'),
('90203', 'Anta', '0902', '09'),
('90204', 'Caja', '0902', '09'),
('90205', 'Marcas', '0902', '09'),
('90206', 'Paucara', '0902', '09'),
('90207', 'Pomacocha', '0902', '09'),
('90208', 'Rosario', '0902', '09'),
('90301', 'Lircay', '0903', '09'),
('90302', 'Anchonga', '0903', '09'),
('90303', 'Callanmarca', '0903', '09'),
('90304', 'Ccochaccasa', '0903', '09'),
('90305', 'Chincho', '0903', '09'),
('90306', 'Congalla', '0903', '09'),
('90307', 'Huanca-Huanca', '0903', '09'),
('90308', 'Huayllay Grande', '0903', '09'),
('90309', 'Julcamarca', '0903', '09'),
('90310', 'San Antonio de Antaparco', '0903', '09'),
('90311', 'Santo Tomas de Pata', '0903', '09'),
('90312', 'Secclla', '0903', '09'),
('90401', 'Castrovirreyna', '0904', '09'),
('90402', 'Arma', '0904', '09'),
('90403', 'Aurahua', '0904', '09'),
('90404', 'Capillas', '0904', '09'),
('90405', 'Chupamarca', '0904', '09'),
('90406', 'Cocas', '0904', '09'),
('90407', 'Huachos', '0904', '09'),
('90408', 'Huamatambo', '0904', '09'),
('90409', 'Mollepampa', '0904', '09'),
('90410', 'San Juan', '0904', '09'),
('90411', 'Santa Ana', '0904', '09'),
('90412', 'Tantara', '0904', '09'),
('90413', 'Ticrapo', '0904', '09'),
('90501', 'Churcampa', '0905', '09'),
('90502', 'Anco', '0905', '09'),
('90503', 'Chinchihuasi', '0905', '09'),
('90504', 'El Carmen', '0905', '09'),
('90505', 'La Merced', '0905', '09'),
('90506', 'Locroja', '0905', '09'),
('90507', 'Paucarbamba', '0905', '09'),
('90508', 'San Miguel de Mayocc', '0905', '09'),
('90509', 'San Pedro de Coris', '0905', '09'),
('90510', 'Pachamarca', '0905', '09'),
('90511', 'Cosme', '0905', '09'),
('90601', 'Huaytara', '0906', '09'),
('90602', 'Ayavi', '0906', '09'),
('90603', 'Córdova', '0906', '09'),
('90604', 'Huayacundo Arma', '0906', '09'),
('90605', 'Laramarca', '0906', '09'),
('90606', 'Ocoyo', '0906', '09'),
('90607', 'Pilpichaca', '0906', '09'),
('90608', 'Querco', '0906', '09'),
('90609', 'Quito-Arma', '0906', '09'),
('90610', 'San Antonio de Cusicancha', '0906', '09'),
('90611', 'San Francisco de Sangayaico', '0906', '09'),
('90612', 'San Isidro', '0906', '09'),
('90613', 'Santiago de Chocorvos', '0906', '09'),
('90614', 'Santiago de Quirahuara', '0906', '09'),
('90615', 'Santo Domingo de Capillas', '0906', '09'),
('90616', 'Tambo', '0906', '09'),
('90701', 'Pampas', '0907', '09'),
('90702', 'Acostambo', '0907', '09'),
('90703', 'Acraquia', '0907', '09'),
('90704', 'Ahuaycha', '0907', '09'),
('90705', 'Colcabamba', '0907', '09'),
('90706', 'Daniel Hernández', '0907', '09'),
('90707', 'Huachocolpa', '0907', '09'),
('90709', 'Huaribamba', '0907', '09'),
('90710', 'Ñahuimpuquio', '0907', '09'),
('90711', 'Pazos', '0907', '09'),
('90713', 'Quishuar', '0907', '09'),
('90714', 'Salcabamba', '0907', '09'),
('90715', 'Salcahuasi', '0907', '09'),
('90716', 'San Marcos de Rocchac', '0907', '09'),
('90717', 'Surcubamba', '0907', '09'),
('90718', 'Tintay Puncu', '0907', '09'),
('90719', 'Quichuas', '0907', '09'),
('90720', 'Andaymarca', '0907', '09'),
('90721', 'Roble', '0907', '09'),
('90722', 'Pichos', '0907', '09'),
('90723', 'Santiago de Tucuma', '0907', '09');

-- --------------------------------------------------------

--
-- Estructura de tabla para la tabla `enfermedad`
--

CREATE TABLE `enfermedad` (
  `IdEnfermedad` int(11) NOT NULL,
  `CEA10` char(11) NOT NULL,
  `Clasificacion` varchar(70) DEFAULT NULL,
  `Gravedad` varchar(70) DEFAULT NULL,
  `FechaRegistro` datetime DEFAULT current_timestamp(),
  `DSM5` decimal(6,2) NOT NULL
) ENGINE=InnoDB DEFAULT CHARSET=utf8mb4 COLLATE=utf8mb4_general_ci;

--
-- Volcado de datos para la tabla `enfermedad`
--

INSERT INTO `enfermedad` (`IdEnfermedad`, `CEA10`, `Clasificacion`, `Gravedad`, `FechaRegistro`, `DSM5`) VALUES
(1, 'F70', 'Discapacidad intelectual', 'Leve', '2023-06-23 13:57:51', 317.00),
(2, 'F71', 'Discapacidad intelectual', 'Moderado', '2023-06-23 13:57:51', 318.00),
(3, 'F72', 'Discapacidad intelectual', 'Grave', '2023-06-23 13:57:51', 318.10),
(4, 'F73', 'Discapacidad intelectual', 'Profundo', '2023-06-23 13:57:51', 318.20),
(5, 'F88', 'Retraso general del desarrollo', 'nulo', '2023-06-23 13:57:51', 315.80),
(6, 'F79', 'Discapacidad intelectual no especificada', 'nulo', '2023-06-23 13:57:51', 319.00),
(7, 'F80.2', 'Trastorno del lenguaje', 'nulo', '2023-06-23 13:58:04', 315.32),
(8, 'F80.0', 'Trastorno fonológico', 'nulo', '2023-06-23 13:58:04', 315.39),
(9, 'F80.81', 'Trastorno de fluidez de inicio en la infancia', 'nulo', '2023-06-23 13:58:04', 315.35),
(10, 'F80.81', 'Trastorno de fluidez de inicio en la infancia', 'nulo', '2023-06-23 13:58:04', 315.35),
(11, 'F98.5', 'Trastorno de fluidez de inicio en el adulto', 'nulo', '2023-06-23 13:58:04', 307.00),
(12, 'F80.89', 'Trastorno de la comunicación social', 'nulo', '2023-06-23 13:58:04', 315.39),
(13, 'F80.9', 'Trastorno de la comunicación no especificado', 'nulo', '2023-06-23 13:58:04', 307.90),
(14, 'F84.0', 'Trastorno del espectro del autismo', 'nulo', '2023-06-23 13:58:04', 299.00),
(15, 'F06.1', 'Trastorno del espectro del autismo con especificación', 'nulo', '2023-06-23 13:58:04', 293.89),
(16, 'F90.2', 'Trastorno por déficit de atención por hiperactividad', 'nulo', '2023-06-23 13:58:14', 314.01),
(17, 'F90.0', 'Trastorno por déficit de atención por hiperactividad', 'nulo', '2023-06-23 13:58:14', 314.00),
(18, 'F90.1', 'Trastorno por déficit de atención por hiperactividad', 'nulo', '2023-06-23 13:58:14', 314.01),
(19, 'F90.08', 'Otro trastorno por déficit de atención con hiperactividad especificado', 'nulo', '2023-06-23 13:58:14', 314.01),
(20, 'F90.09', 'Trastorno por déficit de atención con hiperactividad no especificado', 'nulo', '2023-06-23 13:58:14', 314.01),
(21, 'F81.0', 'Trastorno específico del aprendizaje', 'nulo', '2023-06-23 13:58:14', 315.00),
(22, 'F81.81', 'Trastorno específico del aprendizaje', 'nulo', '2023-06-23 13:58:14', 315.20),
(23, 'F81.2', 'Trastorno específico del aprendizaje', 'nulo', '2023-06-23 13:58:14', 315.10),
(24, 'F82', 'Trastorno del desarrollo de la coordinación', 'nulo', '2023-06-23 13:58:25', 315.40),
(25, 'F98.4', 'Trastorno de movimientos estereotipados', 'nulo', '2023-06-23 13:58:25', 307.30),
(26, 'F95.2', 'Trastorno de la Tourette', 'nulo', '2023-06-23 13:58:25', 307.23),
(27, 'F95.1', 'Trastorno de tics motores o vocales persistente', 'nulo', '2023-06-23 13:58:25', 307.22),
(28, 'F95.0', 'Trastorno de tics transitorio', 'nulo', '2023-06-23 13:58:25', 307.21),
(29, 'F95.8', 'Otro trastorno de tics especificado', 'nulo', '2023-06-23 13:58:25', 307.20),
(30, 'F95.9', 'Trastorno de tics no especificado', 'nulo', '2023-06-23 13:58:25', 307.20),
(31, 'F88', 'Otro trastorno del desarrollo neurológico especificado', 'nulo', '2023-06-23 13:58:25', 315.80),
(32, 'F89', 'Trastorno del desarrollo neurológico no especificado', 'nulo', '2023-06-23 13:58:25', 315.90),
(33, 'F21', 'Trastorno esquizotípico', 'nulo', '2023-06-23 14:31:54', 301.22),
(34, 'F22', 'Trastorno de delirios', 'nulo', '2023-06-23 14:31:54', 297.10),
(35, 'F23', 'Trastorno psicótico breve', 'nulo', '2023-06-23 14:31:54', 298.80),
(36, 'F20.81', 'Trastorno esquizofreniforme', 'nulo', '2023-06-23 14:31:54', 295.40),
(37, 'F20.9', 'Esquizofrenia', 'nulo', '2023-06-23 14:31:54', 295.90),
(38, 'F25', 'Trastorno esquizotípico bipolar', 'nulo', '2023-06-26 10:50:01', 295.70),
(39, 'F25.1', 'Trastorno esquizotípico depresivo', 'nulo', '2023-06-26 10:50:01', 295.70),
(40, 'F06.2', 'Trastorno psicótico debido a otra afección médica con delirios', 'nulo', '2023-06-26 10:50:01', 293.81),
(41, 'F06.0', 'Trastorno psicótico debido a otra afección médica con alucinaciones', 'nulo', '2023-06-26 10:50:01', 293.82),
(42, 'F06.1', 'Catatonía asociada a otro trastorno mental', 'nulo', '2023-06-26 10:50:01', 293.89),
(43, 'F28', 'Otro trastorno del espectro de la esquizofrenia especificado y otro tr', 'nulo', '2023-06-26 10:50:01', 298.80),
(44, 'F29', 'Trastorno del espectro de la esquizofrenia no especificado y otro tras', 'nulo', '2023-06-26 10:50:01', 298.90),
(45, 'F31.11', 'Trastorno bipolar - Episodio maníaco actual o más reciente', 'leve', '2023-06-26 11:26:55', 296.41),
(46, 'F31.12', 'Trastorno bipolar - Episodio maníaco actual o más reciente', 'moderado', '2023-06-26 11:26:55', 296.42),
(47, 'F31.13', 'Trastorno bipolar - Episodio maníaco actual o más reciente', 'grave', '2023-06-26 11:26:55', 296.43),
(48, 'F31.2', 'Trastorno bipolar - Episodio maníaco actual o más reciente', 'con características psicóticas', '2023-06-26 11:26:55', 296.44),
(49, 'F31.73', 'Trastorno bipolar - Episodio maníaco actual o más reciente', 'en remisión parcial', '2023-06-26 11:26:55', 296.45),
(50, 'F31.74', 'Trastorno bipolar - Episodio maníaco actual o más reciente', 'en remisión total', '2023-06-26 11:26:55', 296.46),
(51, 'F31.9', 'Trastorno bipolar - Episodio maníaco actual o más reciente', 'no especificado', '2023-06-26 11:26:55', 296.40),
(52, 'F31.0', 'Trastorno bipolar - Episodio hipomaníaco actual o más reciente', 'nulo', '2023-06-26 11:26:55', 296.40),
(53, 'F31.71', 'Trastorno bipolar - Episodio hipomaníaco actual o más reciente', 'en remisión parcial', '2023-06-26 11:26:55', 296.45),
(54, 'F31.72', 'Trastorno bipolar - Episodio hipomaníaco actual o más reciente', 'en remisión total', '2023-06-26 11:26:55', 296.46),
(55, 'F31.9', 'Trastorno bipolar - Episodio hipomaníaco actual o más reciente', 'no especificado', '2023-06-26 11:26:55', 296.40),
(56, 'F31.31', 'Trastorno bipolar - Episodio depresivo actual o más reciente', 'leve', '2023-06-26 11:26:55', 296.51),
(57, 'F31.32', 'Trastorno bipolar - Episodio depresivo actual o más reciente', 'moderado', '2023-06-26 11:26:55', 296.52),
(58, 'F31.4', 'Trastorno bipolar - Episodio depresivo actual o más reciente', 'grave', '2023-06-26 11:26:55', 296.53),
(59, 'F31.5', 'Trastorno bipolar - Episodio depresivo actual o más reciente', 'con características psicóticas', '2023-06-26 11:26:55', 296.54),
(60, 'F31.75', 'Trastorno bipolar - Episodio depresivo actual o más reciente', 'en remisión parcial', '2023-06-26 11:26:55', 296.55),
(61, 'F31.76', 'Trastorno bipolar - Episodio depresivo actual o más reciente', 'en remisión total', '2023-06-26 11:26:55', 296.56),
(62, 'F31.9', 'Trastorno bipolar - Episodio depresivo actual o más reciente', 'no especificado', '2023-06-26 11:26:55', 296.50),
(63, 'F31.81', 'Trastorno bipolar 2', 'nulo', '2023-06-26 11:26:55', 296.89),
(64, 'F34.0', 'Trastorno ciclotímico', 'nulo', '2023-06-26 11:26:55', 301.13),
(65, 'F06.33', 'Trastorno bipolar y trastorno relacionado debidos a otra afección médi', 'nulo', '2023-06-26 11:26:55', 293.83),
(66, 'F06.34', 'Trastorno bipolar y trastorno relacionado debidos a otra afección médi', 'nulo', '2023-06-26 11:26:55', 293.83),
(67, 'F31.89', 'Otro trastorno bipolar y trastorno relacionado especificados', 'nulo', '2023-06-26 11:26:55', 296.89),
(68, 'F31.9', 'Trastorno bipolar y trastorno relacionado no especificadoss', 'nulo', '2023-06-26 11:26:55', 296.80),
(69, 'F34.8', 'Trastorno de desregulación perturbador del estado de ánimo', 'nulo', '2023-06-26 12:10:25', 296.99),
(70, 'F32.0', 'Trastorno de depreción mayor - Episodio único', 'leve', '2023-06-26 12:10:25', 296.21),
(71, 'F32.1', 'Trastorno de depreción mayor - Episodio único', 'moderado', '2023-06-26 12:10:25', 296.22),
(72, 'F32.2', 'Trastorno de depreción mayor - Episodio único', 'grave', '2023-06-26 12:10:25', 296.23),
(73, 'F32.3', 'Trastorno de depreción mayor - Episodio único', 'con características psicóticas', '2023-06-26 12:10:25', 296.24),
(74, 'F32.4', 'Trastorno de depreción mayor - Episodio único', 'en remisión parcial', '2023-06-26 12:10:25', 296.25),
(75, 'F32.5', 'Trastorno de depreción mayor - Episodio único', 'en remisión total', '2023-06-26 12:10:25', 296.26),
(76, 'F32.9', 'Trastorno de depreción mayor - Episodio único', 'no especificado', '2023-06-26 12:10:25', 296.20),
(77, 'F33.0', 'Trastorno de depreción mayor - Episodio recurrente', 'leve', '2023-06-26 12:10:25', 296.31),
(78, 'F33.1', 'Trastorno de depreción mayor - Episodio recurrente', 'moderado', '2023-06-26 12:10:25', 296.32),
(79, 'F33.2', 'Trastorno de depreción mayor - Episodio recurrente', 'grave', '2023-06-26 12:10:25', 296.33),
(80, 'F33.3', 'Trastorno de depreción mayor - Episodio recurrente', 'con características psicóticas', '2023-06-26 12:10:25', 296.34),
(81, 'F33.41', 'Trastorno de depreción mayor - Episodio recurrente', 'en remisión parcial', '2023-06-26 12:10:25', 296.35),
(82, 'F33.42', 'Trastorno de depreción mayor - Episodio recurrente', 'en remisión total', '2023-06-26 12:10:25', 296.36),
(83, 'F33.9', 'Trastorno de depreción mayor - Episodio recurrente', 'no especificado', '2023-06-26 12:10:25', 296.30),
(84, 'F34.1', 'Trastorno depresivo persistente', 'nulo', '2023-06-26 12:10:25', 300.40),
(85, 'N94.3', 'Trastorno disfórico premenstrual', 'nulo', '2023-06-26 12:10:25', 625.40),
(86, 'F06.31', 'Trastorno depresivo debido a otra afección médica - con característica', 'nulo', '2023-06-26 12:10:25', 293.83),
(87, 'F06.32', 'Trastorno depresivo debido a otra afección médica - con episodio de ti', 'nulo', '2023-06-26 12:10:25', 293.83),
(88, 'F06.34', 'Trastorno depresivo debido a otra afección médica - con característica', 'nulo', '2023-06-26 12:10:25', 293.83),
(89, 'F32.8', 'Otro trastorno depresivo especificado', 'nulo', '2023-06-26 12:10:25', 311.00),
(90, 'F32.9', 'Trastorno depresivo no especificado', 'nulo', '2023-06-26 12:10:25', 311.00),
(91, 'F93.0', 'Trastorno de ansiedad por separación', 'nulo', '2023-06-26 12:36:08', 309.21),
(92, 'F94.0', 'Mutismo selectivo', 'nulo', '2023-06-26 12:36:08', 313.23),
(93, 'F40.218', 'Fobia específica - Animal', 'nulo', '2023-06-26 12:36:08', 300.29),
(94, 'F40.228', 'Fobia específica - Entorno natural', 'nulo', '2023-06-26 12:36:08', 300.29),
(95, 'F40.230', 'Sangre-inyección-lesión - Miedo a la sangre', 'nulo', '2023-06-26 12:36:08', 300.29),
(96, 'F40.231', 'Sangre-inyección-lesión - Miedo a las inyecciones y transfusiones', 'nulo', '2023-06-26 12:36:08', 300.29),
(97, 'F40.232', 'Sangre-inyección-lesión - Miedo a otra atención médica', 'nulo', '2023-06-26 12:36:08', 300.29),
(98, 'F40.233', 'Sangre-inyección-lesión - Miedo a una lesión', 'nulo', '2023-06-26 12:36:08', 300.29),
(99, 'F40.248', 'Sangre-inyección-lesión - Situacional', 'nulo', '2023-06-26 12:36:08', 300.29),
(100, 'F40.298', 'Sangre-inyección-lesión - Otra', 'nulo', '2023-06-26 12:36:08', 300.29),
(101, 'F40.10', 'Trastorno de ansiedad social', 'nulo', '2023-06-26 12:36:08', 300.23),
(102, 'F41.0', 'Trastorno de pánico', 'nulo', '2023-06-26 12:36:08', 300.01),
(103, 'F40.00', 'Agorafobia', 'nulo', '2023-06-26 12:36:08', 300.22),
(104, 'F41.1', 'Trastorno de ansiedad generalizada', 'nulo', '2023-06-26 12:36:08', 300.02),
(105, 'F06.4', 'Trastorno de ansiedad debido a otra afección médica', 'nulo', '2023-06-26 12:36:08', 293.84),
(106, 'F41.8', 'Otro trastorno de ansiedad especificado', 'nulo', '2023-06-26 12:36:08', 300.09),
(107, 'F41.9', 'Trastorno de ansiedad no especificado', 'nulo', '2023-06-26 12:36:08', 300.00),
(108, 'F42', 'Trastorno obsesivo-compulsivo', 'nulo', '2023-06-26 15:32:44', 300.30),
(109, 'F45.22', 'Trastorno dismórfico corporal', 'nulo', '2023-06-26 15:32:44', 300.70),
(110, 'F63.3', 'Tricotilomanía', 'nulo', '2023-06-26 15:32:44', 312.39),
(111, 'L98.1', 'Trastorno de excoriación', 'nulo', '2023-06-26 15:32:44', 698.40),
(112, 'F06.8', 'Trastorno obsesivo-compulsivo y trastorno relacionado debidos a otra a', 'nulo', '2023-06-26 15:32:44', 294.80),
(113, 'F42', 'Otro trastorno obsesivo-compulsivo y trastorno relacionado especificad', 'nulo', '2023-06-26 15:32:44', 300.30),
(114, 'F94.1', 'Trastorno de apego reactivo', 'nulo', '2023-06-26 15:32:44', 313.89),
(115, 'F94.2', 'Trastorno de relación social desinhibida', 'nulo', '2023-06-26 15:32:44', 313.89),
(116, 'F43.10', 'Trastorno de estrés postraumático', 'nulo', '2023-06-26 15:32:44', 309.81),
(117, 'F43.0', 'Trastorno de estrés agudo', 'nulo', '2023-06-26 15:32:44', 308.30),
(118, 'F43.21', 'Trastornos de adaptación - Con estado de ánimo deprimido', 'nulo', '2023-06-26 15:32:44', 309.00),
(119, 'F43.22', 'Trastornos de adaptación - Con ansiedad', 'nulo', '2023-06-26 15:32:44', 309.24),
(120, 'F43.23', 'Trastornos de adaptación - Con ansiedad mixta y estado de ánimo deprim', 'nulo', '2023-06-26 15:32:44', 309.28),
(121, 'F43.24', 'Trastornos de adaptación - Con alteración de la conducta', 'nulo', '2023-06-26 15:32:44', 309.30),
(122, 'F43.25', 'Trastornos de adaptación - Con alteración mixta de las emociones o la ', 'nulo', '2023-06-26 15:32:44', 309.40),
(123, 'F43.20', 'Trastornos de adaptación - Sin especificar', 'nulo', '2023-06-26 15:32:44', 309.90),
(124, 'F43.8', 'Otro trastorno relacionado con traumas y factores \r\nde estrés especifi', 'nulo', '2023-06-26 15:32:44', 309.89),
(125, 'F43.9', 'Trastorno relacionado con traumas y factores de estrés no especificado', 'nulo', '2023-06-26 15:32:44', 309.90),
(126, 'F44.81', 'Trastorno de identidad disociativo', 'nulo', '2023-06-26 16:04:44', 300.14),
(127, 'F44.0', 'Amnesia disociativa', 'nulo', '2023-06-26 16:04:44', 300.12),
(128, 'F44.1', 'Amnesia disociativa - Con fuga disociativa', 'nulo', '2023-06-26 16:04:44', 300.13),
(129, 'F48.1', 'Trastorno de despersonalización/desrealización', 'nulo', '2023-06-26 16:04:44', 300.60),
(130, 'F44.89', 'Otro trastorno disociativo especificado', 'nulo', '2023-06-26 16:04:44', 300.15),
(131, 'F44.9', 'Trastorno disociativo no especificado', 'nulo', '2023-06-26 16:04:44', 300.15),
(132, 'F45.1', 'Trastorno de síntomas somáticos', 'nulo', '2023-06-26 16:04:44', 300.82),
(133, 'F45.21', 'Trastorno de ansiedad por enfermedad', 'nulo', '2023-06-26 16:04:44', 300.70),
(134, 'F44.4', 'Trastorno de conversión - Con debilidad o parálisis', 'nulo', '2023-06-26 16:04:44', 300.11),
(135, 'F44.5', 'Trastorno de conversión - Con ataques o convulsiones', 'nulo', '2023-06-26 16:04:44', 300.11),
(136, 'F44.6', 'Trastorno de conversión - Con anestesia o pérdida sensitiva', 'nulo', '2023-06-26 16:04:44', 300.11),
(137, 'F44.7', 'Trastorno de conversión - Con síntomas mixtos', 'nulo', '2023-06-26 16:04:44', 300.11),
(138, 'F54', 'Factores psicológicos que afectan a otras afecciones médicas', 'nulo', '2023-06-26 16:04:44', 316.00),
(139, 'F68.10', 'Trastorno facticio', 'nulo', '2023-06-26 16:04:44', 300.19),
(140, 'F45.8', 'Otro trastorno de síntomas somáticos y trastorno relacionado especific', 'nulo', '2023-06-26 16:04:44', 300.89),
(141, 'F45.9', 'Trastorno de síntomas somáticos y trastorno relacionado no especificad', 'nulo', '2023-06-26 16:04:44', 300.82),
(142, 'F98.3', 'Pica - En niños', 'nulo', '2023-06-27 09:14:48', 307.52),
(143, 'F50.8', 'Pica - En adultos', 'nulo', '2023-06-27 09:14:48', 307.52),
(144, 'F98.21', 'Trastorno de rumiación', 'nulo', '2023-06-27 09:14:48', 307.53),
(145, 'F50.8', 'Trastorno de evitación/restricción de la ingestión de alimentos', 'nulo', '2023-06-27 09:14:48', 307.59),
(146, 'F50.01', 'Anorexia nerviosa - Tipo restrictivo', 'nulo', '2023-06-27 09:14:48', 307.10),
(147, 'F50.02', 'Anorexia nerviosa - Tipo por atracón/purgas', 'nulo', '2023-06-27 09:14:48', 307.10),
(148, 'F50.2', 'Bulimia nerviosa', 'nulo', '2023-06-27 09:14:48', 307.51),
(149, 'F50.8', 'Trastorno por atracón', 'nulo', '2023-06-27 09:14:48', 307.51),
(150, 'F50.8', 'Otro trastorno alimentario o de la ingestión de alimentos especificado', 'nulo', '2023-06-27 09:14:48', 307.59),
(151, 'F50.9', 'Trastorno alimentario o de la ingestión de alimentos no especificado', 'nulo', '2023-06-27 09:14:48', 307.50),
(152, 'F98.0', 'Enuresis', 'nulo', '2023-06-27 10:41:08', 307.60),
(153, 'F98.1', 'Encopresis', 'nulo', '2023-06-27 10:41:08', 307.70),
(154, 'N39.498', 'Otro trastorno de la excreción especificado - Con síntomas urinarios', 'nulo', '2023-06-27 10:41:08', 788.39),
(155, 'R15.9', 'Otro trastorno de la excreción especificado - Con síntomas urinarios', 'nulo', '2023-06-27 10:41:08', 787.60),
(156, 'R32', 'Trastorno de la excreción no especificado - Con síntomas urinarios', 'nulo', '2023-06-27 10:41:08', 788.30),
(157, 'R15.9', 'Trastorno de la excreción no especificado - Con síntomas fecales', 'nulo', '2023-06-27 10:41:08', 787.60),
(158, 'F51.01', 'Trastorno de insomnio', 'nulo', '2023-06-27 10:41:08', 307.42),
(159, 'F51.11', ' Trastorno por hipersomnia', 'nulo', '2023-06-27 10:41:08', 307.44),
(160, 'G47.419', ' Narcolepsia sin cataplejía pero con deficiencia de hipocretina', 'nulo', '2023-06-27 10:41:08', 347.00),
(161, 'G47.411', ' Narcolepsia con cataplejía pero sin deficiencia de hipocretina ', 'nulo', '2023-06-27 10:41:08', 347.01),
(162, 'G47.429', ' Narcolepsia secundaria a otra afección médica', 'nulo', '2023-06-27 10:41:08', 347.10),
(163, 'G47.33', 'Apnea e hipopnea obstructiva del sueño', 'nulo', '2023-06-27 11:24:43', 327.23),
(164, 'G47.31', 'Apnea central del sueño idiopática', 'nulo', '2023-06-27 11:24:43', 327.21),
(165, 'R06.3', 'Respiración de Cheyne-Stokes', 'nulo', '2023-06-27 11:24:43', 786.04),
(166, 'G47.37', 'Apnea central del sueño con consumo concurrente de opiáceos', 'nulo', '2023-06-27 11:24:43', 780.57),
(167, 'G47.34', 'Hipoventilación idiopática', 'nulo', '2023-06-27 11:24:43', 327.24),
(168, 'G47.35', 'Hipoventilación alveolar central congénita', 'nulo', '2023-06-27 11:24:43', 327.25),
(169, 'G47.36', 'Hipoventilación concurrente relacionada con el sueño', 'nulo', '2023-06-27 11:24:43', 327.26),
(170, 'G47.21', 'Trastornos del ritmo circadiano de sueño-vigilia - Tipo de fases de su', 'nulo', '2023-06-27 11:24:43', 307.45),
(171, 'G47.22', 'Trastornos del ritmo circadiano de sueño-vigilia - Tipo de fases de su', 'nulo', '2023-06-27 11:24:43', 307.45),
(172, 'G47.23', 'Tipo de sueño-vigilia irregular', 'nulo', '2023-06-27 11:24:43', 307.45),
(173, 'G47.24', 'Trastornos del ritmo circadiano de sueño-vigilia - Tipo de sueño-vigil', 'nulo', '2023-06-27 11:24:43', 307.45),
(174, 'G47.26', 'Trastornos del ritmo circadiano de sueño-vigilia - Tipo asociado a tur', 'nulo', '2023-06-27 11:24:43', 307.45),
(175, 'G47.20', 'Trastornos del ritmo circadiano de sueño-vigilia - Tipo no especificad', 'nulo', '2023-06-27 11:24:43', 307.45),
(176, 'F51.3', 'Trastornos del despertar del sueño no REM - Tipo con sonambulismo', 'nulo', '2023-06-27 11:24:43', 307.46),
(177, 'F51.4', 'Trastornos del despertar del sueño no REM - Tipo con terrores nocturno', 'nulo', '2023-06-27 11:24:43', 307.46),
(178, 'F51.5', 'Trastorno de pesadillas', 'nulo', '2023-06-27 11:24:43', 307.47),
(179, 'G47.52', 'Trastorno del comportamiento del sueño REM', 'nulo', '2023-06-27 11:24:43', 327.42),
(180, 'G25.81', 'Síndrome de las piernas inquietas', 'nulo', '2023-06-27 11:24:43', 333.94),
(181, 'G47.09', 'Otro trastorno de insomnio especificado', 'nulo', '2023-06-27 11:24:43', 780.52),
(182, 'G47.00', 'Trastorno de insomnio no especificado', 'nulo', '2023-06-27 11:24:43', 780.52),
(183, 'G47.19', 'Otro trastorno de hipersomnia especificado', 'nulo', '2023-06-27 11:24:43', 780.54),
(184, 'G47.10', 'Trastorno de hipersomnia no especificado', 'nulo', '2023-06-27 11:24:43', 780.54),
(185, 'G47.8', 'Otro trastorno del sueño-vigilia especificado', 'nulo', '2023-06-27 11:24:43', 780.59),
(186, 'G47.9', 'Trastorno del sueño-vigilia no especificado', 'nulo', '2023-06-27 11:24:43', 780.59),
(187, 'F52.32', 'Eyaculación retardada', 'nulo', '2023-06-27 11:59:38', 302.74),
(188, 'F52.21', 'Trastorno eréctil', 'nulo', '2023-06-27 11:59:38', 302.72),
(189, 'F52.21', 'Trastorno orgásmico femenino', 'nulo', '2023-06-27 11:59:38', 302.73),
(190, 'F52.22', 'Trastorno del interés/excitación sexual femenino', 'nulo', '2023-06-27 11:59:38', 302.72),
(191, 'F52.6', 'Trastorno de dolor genito-pélvico/penetración', 'nulo', '2023-06-27 11:59:38', 302.76),
(192, 'F52.0', 'Trastorno de deseo sexual hipoactivo en el varón', 'nulo', '2023-06-27 11:59:38', 302.71),
(193, 'F52.4', 'Eyaculación prematura', 'nulo', '2023-06-27 11:59:38', 302.75),
(194, 'F52.8', 'Otra disfunción sexual especificada', 'nulo', '2023-06-27 11:59:38', 302.79),
(195, 'F52.9', 'Disfunción sexual no especificada', 'nulo', '2023-06-27 11:59:38', 302.70),
(196, 'F64.2', 'Disforia de género en niños', 'nulo', '2023-06-27 11:59:38', 302.60),
(197, 'F64.1', 'Disforia de género en adolescentes y adultos', 'nulo', '2023-06-27 11:59:38', 302.85),
(198, 'F64.8', 'Otra disforia de género especificada', 'nulo', '2023-06-27 11:59:38', 302.60),
(199, 'F64.9', 'Disforia de género no especificada', 'nulo', '2023-06-27 11:59:38', 302.60),
(200, 'F91.3', 'Trastorno negativista desafiante', 'nulo', '2023-06-27 11:59:38', 313.81),
(201, 'F63.81', 'Trastorno explosivo intermitente', 'nulo', '2023-06-27 11:59:38', 312.34),
(202, 'F91.1', 'Trastorno de la conducta - Tipo de inicio infantil', 'nulo', '2023-06-27 11:59:38', 312.81),
(203, 'F91.2', 'Trastorno de la conducta - Tipo de inicio adolescente', 'nulo', '2023-06-27 11:59:38', 312.82),
(204, 'F91.9', 'Trastorno de la conducta - Tipo de inicio no especificado', 'nulo', '2023-06-27 11:59:38', 312.89),
(205, 'F60.2', 'Trastorno de la personalidad antisocial', 'nulo', '2023-06-27 11:59:38', 301.70),
(206, 'F63.1', 'Piromanía', 'nulo', '2023-06-27 11:59:38', 312.33),
(207, 'F63.2', 'Cleptomanía', 'nulo', '2023-06-27 11:59:38', 312.32),
(208, 'F91.8', 'Otro trastorno destructivo, del control de los impulsos y de la conduc', 'nulo', '2023-06-27 11:59:38', 312.89),
(209, 'F91.9', 'Trastorno destructivo, del control de los impulsos y de la conducta no', 'nulo', '2023-06-27 11:59:38', 312.90),
(210, 'F10.10', 'Trastorno por consumo de alcohol', 'leve', '2023-06-27 12:59:59', 305.00),
(211, 'F10.20', 'Trastorno por consumo de alcohol', 'moderado', '2023-06-27 12:59:59', 303.90),
(212, 'F10.20.1', 'Trastorno por consumo de alcohol', 'grave', '2023-06-27 12:59:59', 303.90),
(213, 'F10.129', 'Intoxicación por alcohol - Con trastorno por consumo, leve', 'nulo', '2023-06-27 12:59:59', 303.00),
(214, 'F10.229', 'Intoxicación por alcohol - Con trastorno por consumo, moderado o grave', 'nulo', '2023-06-27 12:59:59', 303.00),
(215, 'F10.929', 'Intoxicación por alcohol - Sin trastorno por consumo', 'nulo', '2023-06-27 12:59:59', 303.00),
(216, 'F10.239', 'Abstinencia de alcohol - Sin alteraciones de la percepción', 'nulo', '2023-06-27 12:59:59', 291.81),
(217, 'F10.232', 'Abstinencia de alcohol - Con alteraciones de la percepción', 'nulo', '2023-06-27 12:59:59', 291.81),
(218, 'F10.99', 'Trastorno relacionado con el alcohol no especificado', 'nulo', '2023-06-27 12:59:59', 291.90),
(219, 'F15.929', 'Intoxicación por cafeína', 'nulo', '2023-06-27 12:59:59', 305.90),
(220, 'F15.93', 'Abstinencia de cafeína', 'nulo', '2023-06-27 12:59:59', 292.00),
(221, 'F15.99', 'Trastorno relacionado con la cafeína no especificado', 'nulo', '2023-06-27 12:59:59', 292.90),
(222, 'F12.10', 'Trastorno por consumo de cannabis', 'leve', '2023-06-27 12:59:59', 305.20),
(223, 'F12.20', 'Trastorno por consumo de cannabis', 'moderado', '2023-06-27 12:59:59', 304.30),
(224, 'F12.20.1', 'Trastorno por consumo de cannabis', 'grave', '2023-06-27 12:59:59', 304.30),
(225, 'F12.129', 'Intoxicación por cannabis - Sin alteraciones de la percepción - Con tr', 'leve', '2023-06-27 12:59:59', 292.89),
(226, 'F12.229', 'Intoxicación por cannabis - Sin alteraciones de la percepción - Con tr', 'moderado', '2023-06-27 12:59:59', 292.89),
(227, 'F12.929', 'Intoxicación por cannabis - Sin alteraciones de la percepción - Sin tr', 'nulo', '2023-06-27 12:59:59', 292.89),
(228, 'F12.122', 'Intoxicación por cannabis - Con alteraciones de la percepción - Con tr', 'leve', '2023-06-27 12:59:59', 292.89),
(229, 'F12.222', 'Intoxicación por cannabis - Con alteraciones de la percepción - Con tr', 'moderado', '2023-06-27 12:59:59', 292.89),
(230, 'F12.922', 'Intoxicación por cannabis - Con alteraciones de la percepción - Sin tr', 'nulo', '2023-06-27 12:59:59', 292.89),
(231, 'F12.288', 'Abstinencia de cannabis', 'nulo', '2023-06-27 12:59:59', 292.00),
(232, 'F12.99', 'Trastorno relacionado con el cannabis no especificado', 'nulo', '2023-06-27 12:59:59', 292.90),
(233, 'F16.10', 'Trastorno por consumo de fenciclidina', 'leve', '2023-06-27 13:30:13', 305.90),
(234, 'F16.20', 'Trastorno por consumo de fenciclidina', 'moderado', '2023-06-27 13:30:13', 304.60),
(235, 'F16.20.1', 'Trastorno por consumo de fenciclidina', 'grave', '2023-06-27 13:30:13', 304.60),
(236, 'F16.10', 'Trastorno por consumo de otros alucinógenos', 'leve', '2023-06-27 13:30:13', 305.30),
(237, 'F16.20', 'Trastorno por consumo de otros alucinógenos', 'moderado', '2023-06-27 13:30:13', 304.50),
(238, 'F16.20.2', 'Trastorno por consumo de otros alucinógenos', 'grave', '2023-06-27 13:30:13', 304.50),
(239, 'F16.129', 'Intoxicación por fenciclidina - Con trastorno por consumo', 'leve', '2023-06-27 13:30:13', 292.89),
(240, 'F16.229', 'Intoxicación por fenciclidina - Con trastorno por consumo', 'moderado', '2023-06-27 13:30:13', 292.89),
(241, 'F16.929', 'Intoxicación por fenciclidina - Sin trastorno por consumo', 'nulo', '2023-06-27 13:30:13', 292.89),
(242, 'F16.129', 'Intoxicación por otro alucinógeno - Con trastorno por consumo', 'leve', '2023-06-27 13:30:13', 292.89),
(243, 'F16.229', 'Intoxicación por otro alucinógeno - Con trastorno por consumo', 'moderado', '2023-06-27 13:30:13', 292.89),
(244, 'F16.929', 'Intoxicación por otro alucinógeno - Sin trastorno por consumo', 'nulo', '2023-06-27 13:30:13', 292.89),
(245, 'F16.983', 'Trastorno de percepción persistente por \r\nalucinógenos', 'nulo', '2023-06-27 13:30:13', 292.89),
(246, 'F16.99', 'Trastorno relacionado con la fenciclidina no \r\nespecificado', 'nulo', '2023-06-27 13:30:13', 292.90),
(247, 'F16.99.1', 'Trastorno relacionado con los alucinógenos no \r\nespecificado', 'nulo', '2023-06-27 13:30:13', 292.90);

-- --------------------------------------------------------

--
-- Estructura de tabla para la tabla `especialidad`
--

CREATE TABLE `especialidad` (
  `id` int(11) NOT NULL,
  `nombre` varchar(100) NOT NULL
) ENGINE=InnoDB DEFAULT CHARSET=utf8mb4 COLLATE=utf8mb4_general_ci;

--
-- Volcado de datos para la tabla `especialidad`
--

INSERT INTO `especialidad` (`id`, `nombre`) VALUES
(1, 'Psicología Clínica'),
(2, 'Psicología Infantil'),
(3, 'Neuropsicología'),
(4, 'Psicología Forense'),
(5, 'Psicología Organizacional');

-- --------------------------------------------------------

--
-- Estructura de tabla para la tabla `paciente`
--

CREATE TABLE `paciente` (
  `IdPaciente` int(11) NOT NULL,
  `NomPaciente` varchar(30) NOT NULL,
  `ApPaterno` varchar(30) NOT NULL,
  `ApMaterno` varchar(30) NOT NULL,
  `Dni` char(8) NOT NULL,
  `FechaNacimiento` date DEFAULT NULL,
  `Edad` char(3) NOT NULL,
  `GradoInstruccion` varchar(50) NOT NULL,
  `Ocupacion` varchar(50) NOT NULL,
  `EstadoCivil` varchar(50) NOT NULL,
  `Genero` varchar(50) NOT NULL,
  `Telefono` char(9) NOT NULL,
  `Email` varchar(80) NOT NULL,
  `Direccion` varchar(30) NOT NULL,
  `AntecedentesMedicos` varchar(50) NOT NULL,
  `IdPsicologo` int(11) NOT NULL,
  `MedicamentosPrescritos` varchar(50) NOT NULL,
  `FechaRegistro` datetime DEFAULT current_timestamp(),
  `codigopac` varchar(6) NOT NULL,
  `IdProvincia` varchar(4) CHARACTER SET utf8 COLLATE utf8_general_ci NOT NULL,
  `IdDepartamento` varchar(2) CHARACTER SET utf8 COLLATE utf8_general_ci NOT NULL,
  `IdDistrito` varchar(6) CHARACTER SET utf8 COLLATE utf8_general_ci NOT NULL,
  `nota` varchar(300) DEFAULT NULL
) ENGINE=InnoDB DEFAULT CHARSET=utf8mb4 COLLATE=utf8mb4_general_ci;

--
-- Volcado de datos para la tabla `paciente`
--

INSERT INTO `paciente` (`IdPaciente`, `NomPaciente`, `ApPaterno`, `ApMaterno`, `Dni`, `FechaNacimiento`, `Edad`, `GradoInstruccion`, `Ocupacion`, `EstadoCivil`, `Genero`, `Telefono`, `Email`, `Direccion`, `AntecedentesMedicos`, `IdPsicologo`, `MedicamentosPrescritos`, `FechaRegistro`, `codigopac`, `IdProvincia`, `IdDepartamento`, `IdDistrito`, `nota`) VALUES
(44, 'juan', 'Venegas', 'Francia', '7646671', '2015-01-25', '8', 'asdasd', 'Barbero', 'casado', 'Masculino', '+51955828', 'jorge.venegas.francia@gmail.com', 'Lima', 'sdas', 2, 'sadsda', '2023-11-20 10:56:15', 'PA0044', '1504', '15', '150403', NULL),
(46, 'Juanita', 'Gomez', 'Chumpitaz', '74223419', '2015-01-31', '', 'Universitario', 'Estudiante', 'soltero', 'Masculino', '939678031', 'fabrizioAruaco@gmail.com', 'Mz P Lt 14', 'Depresión', 6, 'Paracetamol ', '2024-04-30 11:46:07', 'PA0046', '0102', '01', '10201', NULL),
(48, 'Pepito', 'Perez', 'Test', '7542424', '2001-03-14', '23', 'test', 'test', 'casado', 'Femenino', '933313333', 'test2120@correo.com', 'test', 'test', 13, 'test', '2024-07-06 09:25:02', 'PA0048', '0402', '04', '40202', 'Este es un ejemplo de nota.'),
(49, 'Manuel', 'Perez', 'Montes', '77777777', '2013-12-13', '10', 'universitario', 'Estudiante', 'soltero', 'Masculino', '998898898', 'manuel@gmail.com', 'dsa', 'no tengo', 13, 'test', '2024-07-18 13:07:28', 'PA0049', '0701', '07', '70105', NULL),
(58, 'Anthony', 'Apellido 1 ', 'Apellido 2', '29933333', '2000-05-09', '24', 'Estudiante', 'Estudiante', 'soltero', 'Masculino', '99922233', 'anthony@msn.com', 'Av. Bellavista', 'ninguna', 13, 'nada', '2024-10-24 11:46:58', 'PA0058', '2202', '22', '220202', NULL),
(61, 'Carl', 'Ap1', 'Ap2', '11223344', '2000-10-27', '24', 'Trabajador', 'Medico', 'casado', 'Femenino', '999222212', 'prueba@msn.com', 'Av. aviacion', 'ninguna', 13, 'nada', '2024-10-26 09:45:05', 'PA0061', '0206', '02', '20604', NULL),
(63, 'Anthony', 'Mendez', 'Ve', '22334456', '1990-12-29', '33', 'Superior', 'Docente', 'soltero', 'Otro', '999222211', 'prueba@outlook.com', 'Av. aviacion', 'ninguna', 13, 'nada', '2024-11-02 10:19:35', 'PA0063', '0404', '04', '40401', NULL),
(64, 'Paciente Nuevo', 'Paciente', 'Paciente', '11223399', '2000-02-09', '24', 'Estudiante', 'Estudiante', 'soltero', 'Femenino', '999222333', 'ejemplo@msn.com', 'sd', 's', 13, 's', '2024-11-04 12:46:17', 'PA0064', '0302', '03', '30203', NULL);

-- --------------------------------------------------------

--
-- Estructura de tabla para la tabla `posts`
--

CREATE TABLE `posts` (
  `id` int(11) NOT NULL,
  `tema` varchar(250) NOT NULL,
  `especialidad` varchar(250) NOT NULL,
  `descripcion` text NOT NULL,
  `imagen` varchar(250) NOT NULL,
  `psicologo_id` int(11) NOT NULL,
  `fecha` datetime NOT NULL DEFAULT current_timestamp()
) ENGINE=InnoDB DEFAULT CHARSET=utf8mb4 COLLATE=utf8mb4_general_ci;

--
-- Volcado de datos para la tabla `posts`
--

INSERT INTO `posts` (`id`, `tema`, `especialidad`, `descripcion`, `imagen`, `psicologo_id`, `fecha`) VALUES
(1, 'Adicciones', 'Adicciones', 'descripcion1', 'https://www.saludterapia.com/images/saludterapia/glosario/psicologia/psicologia.jpg', 1, '2024-07-13 09:36:19'),
(2, 'Ansiedad', 'Ansiedad', 'descripcion2', 'https://www.saludterapia.com/images/saludterapia/glosario/psicologia/psicologia.jpg', 2, '2024-07-13 09:36:19'),
(3, 'Atención', 'Atención', 'descripcion3', 'https://www.saludterapia.com/images/saludterapia/glosario/psicologia/psicologia.jpg', 3, '2024-07-13 09:36:19'),
(4, 'Autoestima', 'Autoestima', 'descripcion4', 'https://www.saludterapia.com/images/saludterapia/glosario/psicologia/psicologia.jpg', 4, '2024-07-13 09:36:19'),
(5, 'Crianza', 'Crianza', 'descripcion5', 'https://www.saludterapia.com/images/saludterapia/glosario/psicologia/psicologia.jpg', 5, '2024-07-13 09:36:19'),
(7, 'test estres', 'Estrés', '¿Qué es Lorem Ipsum?\r\nLorem Ipsum es simplemente el texto de relleno de las imprentas y archivos de texto. Lorem Ipsum ha sido el texto de relleno estándar de las industrias desde el año 1500, cuando un impresor (N. del T. persona que se dedica a la imprenta) desconocido usó una galería de textos y los mezcló de tal manera que logró hacer un libro de textos especimen. No sólo sobrevivió 500 años, sino que tambien ingresó como texto de relleno en documentos electrónicos, quedando esencialmente igual al original. Fue popularizado en los 60s con la creación de las hojas \"Letraset\", las cuales contenian pasajes de Lorem Ipsum, y más recientemente con software de autoedición, como por ejemplo Aldus PageMaker, el cual incluye versiones de Lorem Ipsum.\r\n\r\n¿Por qué lo usamos?\r\nEs un hecho establecido hace demasiado tiempo que un lector se distraerá con el contenido del texto de un sitio mientras que mira su diseño. El punto de usar Lorem Ipsum es que tiene una distribución más o menos normal de las letras, al contrario de usar textos como por ejemplo \"Contenido aquí, contenido aquí\". Estos textos hacen parecerlo un español que se puede leer. Muchos paquetes de autoedición y editores de páginas web usan el Lorem Ipsum como su texto por defecto, y al hacer una búsqueda de \"Lorem Ipsum\" va a dar por resultado muchos sitios web que usan este texto si se encuentran en estado de desarrollo. Muchas versiones han evolucionado a través de los años, algunas veces por accidente, otras veces a propósito (por ejemplo insertándole humor y cosas por el estilo).\r\n\r\n\r\n¿De dónde viene?\r\nAl contrario del pensamiento popular, el texto de Lorem Ipsum no es simplemente texto aleatorio. Tiene sus raices en una pieza cl´sica de la literatura del Latin, que data del año 45 antes de Cristo, haciendo que este adquiera mas de 2000 años de antiguedad. Richard McClintock, un profesor de Latin de la Universidad de Hampden-Sydney en Virginia, encontró una de las palabras más oscuras de la lengua del latín, \"consecteur\", en un pasaje de Lorem Ipsum, y al seguir leyendo distintos textos del latín, descubrió la fuente indudable. Lorem Ipsum viene de las secciones 1.10.32 y 1.10.33 de \"de Finnibus Bonorum et Malorum\" (Los Extremos del Bien y El Mal) por Cicero, escrito en el año 45 antes de Cristo. Este libro es un tratado de teoría de éticas, muy popular durante el Renacimiento. La primera linea del Lorem Ipsum, \"Lorem ipsum dolor sit amet..\", viene de una linea en la sección 1.10.32\r\n\r\nEl trozo de texto estándar de Lorem Ipsum usado desde el año 1500 es reproducido debajo para aquellos interesados. Las secciones 1.10.32 y 1.10.33 de \"de Finibus Bonorum et Malorum\" por Cicero son también reproducidas en su forma original exacta, acompañadas por versiones en Inglés de la traducción realizada en 1914 por H. Rackham.\r\n\r\n¿Dónde puedo conseguirlo?\r\nHay muchas variaciones de los pasajes de Lorem Ipsum disponibles, pero la mayoría sufrió alteraciones en alguna manera, ya sea porque se le agregó humor, o palabras aleatorias que no parecen ni un poco creíbles. Si vas a utilizar un pasaje de Lorem Ipsum, necesitás estar seguro de que no hay nada avergonzante escondido en el medio del texto. Todos los generadores de Lorem Ipsum que se encuentran en Internet tienden a repetir trozos predefinidos cuando sea necesario, haciendo a este el único generador verdadero (válido) en la Internet. Usa un diccionario de mas de 200 palabras provenientes del latín, combinadas con estructuras muy útiles de sentencias, para generar texto de Lorem Ipsum que parezca razonable. Este Lorem Ipsum generado siempre estará libre de repeticiones, humor agregado o palabras no características del lenguaje, etc.', 'https://encrypted-tbn0.gstatic.com/images?q=tbn:ANd9GcTSsISIrjaPTRp_2B23S3-LviGQUhxqubtkIg&s', 13, '2024-07-13 09:36:19'),
(11, 'Estrategias Efectivas para Mejorar la Autoestima', 'Autoestima', '<p>La autoestima es un aspecto crucial de nuestro bienestar mental y emocional. Tener una buena autoestima significa reconocer y valorar nuestras capacidades y logros, mientras que una baja autoestima puede afectar negativamente nuestras relaciones, rendimiento y calidad de vida. A continuación, te presentamos algunas estrategias efectivas para mejorar y fortalecer tu autoestima.</p><h4>1. <strong>Practica la Autoaceptación</strong></h4><p>Acepta tus imperfecciones y comprende que todos cometemos errores. La autoaceptación es el primer paso hacia una autoestima saludable. Haz una lista de tus fortalezas y áreas de mejora y trabaja en ellas sin juzgarte.</p><h4>2. <strong>Establece Metas Realistas</strong></h4><p>Fija objetivos alcanzables y celebra tus logros, por pequeños que sean. Establecer metas realistas te permite experimentar el éxito, lo cual refuerza tu confianza en ti mismo.</p><h4>3. <strong>Desarrolla Habilidades Nuevas</strong></h4><p>Aprender nuevas habilidades o mejorar las existentes puede aumentar tu sentido de competencia y autoeficacia. Participa en actividades que te interesen y desafíen.</p><h4>4. <strong>Rodeate de Personas Positivas</strong></h4><p>Las relaciones saludables y de apoyo pueden tener un gran impacto en tu autoestima. Rodéate de personas que te valoren y te animen a ser tu mejor versión.</p><h4>5. <strong>Cuida de Tu Salud Física</strong></h4><p>El ejercicio regular, una dieta equilibrada y un buen sueño son fundamentales para mantener un equilibrio físico y mental. Cuidar de tu cuerpo también mejora tu percepción de ti mismo.</p><h4>6. <strong>Práctica la Autocompasión</strong></h4><p>Sé amable contigo mismo en momentos de dificultad. La autocompasión implica tratarte con la misma amabilidad y comprensión con la que tratarías a un amigo cercano.</p><h4>7. <strong>Evita Compararte con Otros</strong></h4><p>Cada persona tiene su propio camino y sus propias luchas. Compararte con los demás puede ser dañino. Enfócate en tu propio crecimiento y progreso.</p><h4>8. <strong>Busca Ayuda Profesional</strong></h4><p>Si sientes que tus esfuerzos no son suficientes, considera buscar la ayuda de un terapeuta o consejero. La terapia puede proporcionarte herramientas y perspectivas valiosas para mejorar tu autoestima.</p>', 'https://encrypted-tbn0.gstatic.com/images?q=tbn:ANd9GcTif2f12U8L3-akp8KOlxrpioPCcNcaJJ99Hg&s', 13, '2024-07-17 13:02:13'),
(12, 'Prueba Post2', 'Ira', '<p style=\"text-align: right; \"><font color=\"#424242\">La adolescencia es una etapa de grandes cambios y desafíos. Durante este período, los jóvenes experimentan transformaciones físicas, emocionales y sociales que pueden ser abrumadoras. La depresión en la adolescencia es un problema serio que afecta a un número significativo de jóvenes y puede tener consecuencias duraderas si no se trata adecuadamente. En este post, exploraremos las causas, síntomas y formas de ayudar a los adolescentes que enfrentan la depresión.</font></p><h2><u>Causas de la Depresión en la Adolescencia</u></h2><p>La depresión en los adolescentes puede ser causada por una combinación de factores, incluyendo:</p><ol><li><span style=\"background-color: rgb(255, 255, 0);\"><strong>Factores Genéticos</strong>:</span> Los antecedentes familiares de depresión pueden aumentar el riesgo de desarrollar la enfermedad.</li><li><span style=\"background-color: rgb(255, 255, 0);\"><strong>Cambios Hormonales</strong>:</span> Los cambios hormonales durante la pubertad pueden contribuir a la aparición de la depresión.</li><li><strong>Estrés Académico</strong>: Las presiones escolares, como el rendimiento académico y las expectativas futuras, pueden ser estresantes.</li><li><strong>Problemas Sociales</strong>: La dificultad para encajar en grupos sociales, el acoso escolar (bullying) y las relaciones interpersonales complicadas pueden desencadenar la depresión.</li><li><strong>Problemas Familiares</strong>: Los conflictos familiares, el divorcio de los padres o la falta de apoyo emocional en el hogar pueden ser factores importantes.</li><li><strong>Traumas</strong>: Experiencias traumáticas, como el abuso físico o emocional, pueden ser un desencadenante significativo.</li></ol>', 'https://encrypted-tbn0.gstatic.com/images?q=tbn:ANd9GcTif2f12U8L3-akp8KOlxrpioPCcNcaJJ99Hg&s', 13, '2024-07-17 13:08:14'),
(25, '<h1>Cambio</h1>', 'Atención', '&lt;h3&gt;Cambio DESCRIPCION&lt;/h3&gt;\r\n                            ', 'c:&prueba.jpg', 13, '2024-10-31 09:14:32');

-- --------------------------------------------------------

--
-- Estructura de tabla para la tabla `provincia`
--

CREATE TABLE `provincia` (
  `id` varchar(4) NOT NULL,
  `name` varchar(45) NOT NULL,
  `departamento_id` varchar(2) NOT NULL
) ENGINE=InnoDB DEFAULT CHARSET=utf8 COLLATE=utf8_general_ci;

--
-- Volcado de datos para la tabla `provincia`
--

INSERT INTO `provincia` (`id`, `name`, `departamento_id`) VALUES
('0101', 'Chachapoyas', '01'),
('0102', 'Bagua', '01'),
('0103', 'Bongará', '01'),
('0104', 'Condorcanqui', '01'),
('0105', 'Luya', '01'),
('0106', 'Rodríguez de Mendoza', '01'),
('0107', 'Utcubamba', '01'),
('0201', 'Huaraz', '02'),
('0202', 'Aija', '02'),
('0203', 'Antonio Raymondi', '02'),
('0204', 'Asunción', '02'),
('0205', 'Bolognesi', '02'),
('0206', 'Carhuaz', '02'),
('0207', 'Carlos Fermín Fitzcarrald', '02'),
('0208', 'Casma', '02'),
('0209', 'Corongo', '02'),
('0210', 'Huari', '02'),
('0211', 'Huarmey', '02'),
('0212', 'Huaylas', '02'),
('0213', 'Mariscal Luzuriaga', '02'),
('0214', 'Ocros', '02'),
('0215', 'Pallasca', '02'),
('0216', 'Pomabamba', '02'),
('0217', 'Recuay', '02'),
('0218', 'Santa', '02'),
('0219', 'Sihuas', '02'),
('0220', 'Yungay', '02'),
('0301', 'Abancay', '03'),
('0302', 'Andahuaylas', '03'),
('0303', 'Antabamba', '03'),
('0304', 'Aymaraes', '03'),
('0305', 'Cotabambas', '03'),
('0306', 'Chincheros', '03'),
('0307', 'Grau', '03'),
('0401', 'Arequipa', '04'),
('0402', 'Camaná', '04'),
('0403', 'Caravelí', '04'),
('0404', 'Castilla', '04'),
('0405', 'Caylloma', '04'),
('0406', 'Condesuyos', '04'),
('0407', 'Islay', '04'),
('0408', 'La Uniòn', '04'),
('0501', 'Huamanga', '05'),
('0502', 'Cangallo', '05'),
('0503', 'Huanca Sancos', '05'),
('0504', 'Huanta', '05'),
('0505', 'La Mar', '05'),
('0506', 'Lucanas', '05'),
('0507', 'Parinacochas', '05'),
('0508', 'Pàucar del Sara Sara', '05'),
('0509', 'Sucre', '05'),
('0510', 'Víctor Fajardo', '05'),
('0511', 'Vilcas Huamán', '05'),
('0601', 'Cajamarca', '06'),
('0602', 'Cajabamba', '06'),
('0603', 'Celendín', '06'),
('0604', 'Chota', '06'),
('0605', 'Contumazá', '06'),
('0606', 'Cutervo', '06'),
('0607', 'Hualgayoc', '06'),
('0608', 'Jaén', '06'),
('0609', 'San Ignacio', '06'),
('0610', 'San Marcos', '06'),
('0611', 'San Miguel', '06'),
('0612', 'San Pablo', '06'),
('0613', 'Santa Cruz', '06'),
('0701', 'Prov. Const. del Callao', '07'),
('0801', 'Cusco', '08'),
('0802', 'Acomayo', '08'),
('0803', 'Anta', '08'),
('0804', 'Calca', '08'),
('0805', 'Canas', '08'),
('0806', 'Canchis', '08'),
('0807', 'Chumbivilcas', '08'),
('0808', 'Espinar', '08'),
('0809', 'La Convención', '08'),
('0810', 'Paruro', '08'),
('0811', 'Paucartambo', '08'),
('0812', 'Quispicanchi', '08'),
('0813', 'Urubamba', '08'),
('0901', 'Huancavelica', '09'),
('0902', 'Acobamba', '09'),
('0903', 'Angaraes', '09'),
('0904', 'Castrovirreyna', '09'),
('0905', 'Churcampa', '09'),
('0906', 'Huaytará', '09'),
('0907', 'Tayacaja', '09'),
('1001', 'Huánuco', '10'),
('1002', 'Ambo', '10'),
('1003', 'Dos de Mayo', '10'),
('1004', 'Huacaybamba', '10'),
('1005', 'Huamalíes', '10'),
('1006', 'Leoncio Prado', '10'),
('1007', 'Marañón', '10'),
('1008', 'Pachitea', '10'),
('1009', 'Puerto Inca', '10'),
('1010', 'Lauricocha ', '10'),
('1011', 'Yarowilca ', '10'),
('1101', 'Ica ', '11'),
('1102', 'Chincha ', '11'),
('1103', 'Nasca ', '11'),
('1104', 'Palpa ', '11'),
('1105', 'Pisco ', '11'),
('1201', 'Huancayo ', '12'),
('1202', 'Concepción ', '12'),
('1203', 'Chanchamayo ', '12'),
('1204', 'Jauja ', '12'),
('1205', 'Junín ', '12'),
('1206', 'Satipo ', '12'),
('1207', 'Tarma ', '12'),
('1208', 'Yauli ', '12'),
('1209', 'Chupaca ', '12'),
('1301', 'Trujillo ', '13'),
('1302', 'Ascope ', '13'),
('1303', 'Bolívar ', '13'),
('1304', 'Chepén ', '13'),
('1305', 'Julcán ', '13'),
('1306', 'Otuzco ', '13'),
('1307', 'Pacasmayo ', '13'),
('1308', 'Pataz ', '13'),
('1309', 'Sánchez Carrión ', '13'),
('1310', 'Santiago de Chuco ', '13'),
('1311', 'Gran Chimú ', '13'),
('1312', 'Virú ', '13'),
('1401', 'Chiclayo ', '14'),
('1402', 'Ferreñafe ', '14'),
('1403', 'Lambayeque ', '14'),
('1501', 'Lima ', '15'),
('1502', 'Barranca ', '15'),
('1503', 'Cajatambo ', '15'),
('1504', 'Canta ', '15'),
('1505', 'Cañete ', '15'),
('1506', 'Huaral ', '15'),
('1507', 'Huarochirí ', '15'),
('1508', 'Huaura ', '15'),
('1509', 'Oyón ', '15'),
('1510', 'Yauyos ', '15'),
('1601', 'Maynas ', '16'),
('1602', 'Alto Amazonas ', '16'),
('1603', 'Loreto ', '16'),
('1604', 'Mariscal Ramón Castilla ', '16'),
('1605', 'Requena ', '16'),
('1606', 'Ucayali ', '16'),
('1607', 'Datem del Marañón ', '16'),
('1608', 'Putumayo', '16'),
('1701', 'Tambopata ', '17'),
('1702', 'Manu ', '17'),
('1703', 'Tahuamanu ', '17'),
('1801', 'Mariscal Nieto ', '18'),
('1802', 'General Sánchez Cerro ', '18'),
('1803', 'Ilo ', '18'),
('1901', 'Pasco ', '19'),
('1902', 'Daniel Alcides Carrión ', '19'),
('1903', 'Oxapampa ', '19'),
('2001', 'Piura ', '20'),
('2002', 'Ayabaca ', '20'),
('2003', 'Huancabamba ', '20'),
('2004', 'Morropón ', '20'),
('2005', 'Paita ', '20'),
('2006', 'Sullana ', '20'),
('2007', 'Talara ', '20'),
('2008', 'Sechura ', '20'),
('2101', 'Puno ', '21'),
('2102', 'Azángaro ', '21'),
('2103', 'Carabaya ', '21'),
('2104', 'Chucuito ', '21'),
('2105', 'El Collao ', '21'),
('2106', 'Huancané ', '21'),
('2107', 'Lampa ', '21'),
('2108', 'Melgar ', '21'),
('2109', 'Moho ', '21'),
('2110', 'San Antonio de Putina ', '21'),
('2111', 'San Román ', '21'),
('2112', 'Sandia ', '21'),
('2113', 'Yunguyo ', '21'),
('2201', 'Moyobamba ', '22'),
('2202', 'Bellavista ', '22'),
('2203', 'El Dorado ', '22'),
('2204', 'Huallaga ', '22'),
('2205', 'Lamas ', '22'),
('2206', 'Mariscal Cáceres ', '22'),
('2207', 'Picota ', '22'),
('2208', 'Rioja ', '22'),
('2209', 'San Martín ', '22'),
('2210', 'Tocache ', '22'),
('2301', 'Tacna ', '23'),
('2302', 'Candarave ', '23'),
('2303', 'Jorge Basadre ', '23'),
('2304', 'Tarata ', '23'),
('2401', 'Tumbes ', '24'),
('2402', 'Contralmirante Villar ', '24'),
('2403', 'Zarumilla ', '24'),
('2501', 'Coronel Portillo ', '25'),
('2502', 'Atalaya ', '25'),
('2503', 'Padre Abad ', '25'),
('2504', 'Purús', '25');

-- --------------------------------------------------------

--
-- Estructura de tabla para la tabla `psicologo`
--

CREATE TABLE `psicologo` (
  `IdPsicologo` int(11) NOT NULL,
  `NombrePsicologo` varchar(30) DEFAULT NULL,
  `Passwords` varchar(50) DEFAULT NULL,
  `FechaRegistro` datetime DEFAULT current_timestamp(),
  `Usuario` varchar(59) DEFAULT NULL,
  `celular` int(9) DEFAULT NULL,
  `video` varchar(500) DEFAULT NULL,
  `email` varchar(255) DEFAULT NULL,
  `usuario_id` bigint(20) DEFAULT NULL,
  `especialidad_id` int(11) DEFAULT NULL,
  `introduccion` varchar(100) DEFAULT NULL
) ENGINE=InnoDB DEFAULT CHARSET=utf8mb4 COLLATE=utf8mb4_general_ci;

--
-- Volcado de datos para la tabla `psicologo`
--

INSERT INTO `psicologo` (`IdPsicologo`, `NombrePsicologo`, `Passwords`, `FechaRegistro`, `Usuario`, `celular`, `video`, `email`, `usuario_id`, `especialidad_id`, `introduccion`) VALUES
(1, 'Jorge Venegas', '123456', '2023-06-21 09:22:39', 'jorge azdz', 955828875, 'https://www.youtube.com/watch?v=KVakLLMBQxg', 'mariano@gmail.com', NULL, 5, 'Psicólogo con especialización en terapia cognitivo-conductual y más de 10 años de experiencia en el '),
(2, 'Mariano', '210403Abril', '2023-07-15 12:15:55', 'Mariano Venegas', 933588506, 'https://www.youtube.com/watch?v=KVakLLMBQxg', 'marianoxd@gmail.com', NULL, 1, 'Especialista en terapia familiar y de pareja con un enfoque basado en soluciones.'),
(3, 'moretty2023', 'ana23@#argen', '2023-07-20 11:16:58', 'Anahy Moretty', 923456768, 'https://www.youtube.com/watch?v=KVakLLMBQxg', 'moretu2023@gmail.com', NULL, 2, 'Experto en psicología infantil con un enfoque en el desarrollo emocional y conductual.'),
(4, 'joseluis2023', 'jo23@#pe', '2023-07-20 11:16:58', 'JoseLuis', 987657823, 'https://www.youtube.com/watch?v=KVakLLMBQxg', 'joseluis2023@gmail.com', NULL, 1, 'Psicólogo clínico con formación en trastornos de ansiedad y depresión.'),
(5, 'silva2023', 'scil23@#argen', '2023-07-20 11:16:58', 'Cristina Silva', 987654323, 'https://www.youtube.com/watch?v=KVakLLMBQxg', 'cristina56@gmail.com', NULL, 4, 'Profesional en terapia ocupacional con experiencia en rehabilitación y apoyo psicológico.'),
(6, 'Crish Molina', 'cris23@#argen', '2023-07-20 11:16:58', 'molina2023', 915205768, 'https://www.youtube.com/watch?v=KVakLLMBQxg', 'molina12@gmail.com', NULL, 4, 'Psicólogo con experiencia en la intervención en crisis y manejo del estrés postraumático.'),
(7, 'Estrella2024', '3C+11', '2024-06-18 08:49:39', 'Alexandra Sharmely Chalco Estrella', 931886519, 'https://www.youtube.com/watch?v=KVakLLMBQxg', 'alexandrasharmelychalcoestrell@gmail.com', NULL, 5, 'Especialista en terapia de grupo y técnicas de manejo de conflictos.'),
(8, 'Espinoza2024', '70Hp0', '2024-06-18 08:49:39', 'Camila Dariana Pecho Espinoza', 925663986, 'https://www.youtube.com/watch?v=KVakLLMBQxg', 'cami2000pecho@gmail.com', NULL, 4, 'Psicólogo con enfoque en el desarrollo personal y la autoayuda.'),
(9, 'Panez2024', 'nS86@', '2024-06-18 08:51:14', 'Eunice Andrea Landa Panez', 923610434, 'https://www.youtube.com/watch?v=KVakLLMBQxg', 'andrealand1878@gmail.com', NULL, 5, 'Experto en psicología educativa con habilidades en apoyo académico y emocional.'),
(10, 'Ollero2024', 'wP521', '2024-06-18 08:51:14', 'Gerardine Estefany Cipriano Ollero', 928964665, 'https://www.youtube.com/watch?v=KVakLLMBQxg', 'gerardine.cip.ok@gmail.com', NULL, 5, 'Psicólogo con experiencia en terapia de adultos y manejo de trastornos del sueño.'),
(11, 'Onofre2024', 'uJ541', '2024-06-18 08:52:33', 'Liz Rosa Vicuña Onofre', 916994281, 'https://www.youtube.com/watch?v=KVakLLMBQxg', 'Lizrosavicunaonofre@gmail.com', NULL, 5, 'Especialista en intervención psicológica para problemas de adicciones.'),
(12, 'Gutiérrez2024', '521*J', '2024-06-18 08:52:33', 'Alexandra Senka Castro Gutiérrez', 946946957, 'https://www.youtube.com/watch?v=KVakLLMBQxg', 'alexandracastrogutierrez99.@gmail.com', NULL, 4, 'Psicólogo con formación en terapia de parejas y resolución de conflictos.'),
(13, 'Juan Carlos Gutiérrez Sánchez', '$2y$10$rhAdDLqu6HA/V2pTE6nU/uBs8XGyN07aD68sMkwFmTD', '2024-06-19 12:29:17', 'test11', 954231456, 'https://youtu.be/R7wUI2hAgvU?si=W71P7DgQCfoYMWB4', 'test@correo.com', 1, 3, 'sigue fallando'),
(14, 'Paolo', '$2y$10$u/2WblN829EvgdIWf8.76u1b4JPDowdve0BIWFxx2oo', '2024-06-20 11:03:23', 'paolo12', 987563214, 'test', 'paolo@correo.com', 6, 4, '                            '),
(15, 'Fabrizio', '$2y$10$RZWswEN.hXK0MPnMwtO1s.2PgfHbY2tVuqwU11r6obj', '2024-06-20 11:10:33', 'fa12', 987563211, 'test', 'fabrizio@correo.com', 7, 4, '                            '),
(16, 'Sara', '$2y$10$DiZyPuUmpAb9ghOpv6TeJOWSEH6i7cv53toJ9BM1e52', '2024-06-20 11:14:26', 'sar12', 987456123, 'test', 'sara@example.com', 8, 4, '                            '),
(17, NULL, 'password', '2024-06-20 11:39:14', NULL, NULL, NULL, 'manolo@example.com', 0, 4, NULL),
(20, 'Pepito Perez', '$2y$10$sZ4u36NGE6W50YvQ7RQFJOaXmeWPBhRvKlngDe34F4d', '2024-06-25 11:53:18', 'pepito123', 987563211, '', 'test19@correo.com', 13, 4, '                            '),
(21, NULL, '$2y$10$GblEH8pXVplGCrmDqOP2muLUu7ggnFjZ7GWN8y00C0V', '2024-07-15 13:09:08', NULL, NULL, NULL, 'alexandrasharmelychalcoestrell@gmail.com', 14, 4, '                            '),
(22, NULL, '$2y$10$CMqNAc2dei7An9V.D4dbF.vQyni07HJZoYKsP8IhNkF', '2024-07-15 13:11:13', NULL, NULL, NULL, 'cami2000pecho@gmail.com', 15, 4, '                            '),
(26, NULL, '$2y$10$KEDanF9sk95yxjtJM1X0LO/VTHQJiirSg0PlhER0yST', '2024-08-13 12:08:54', NULL, NULL, NULL, 'donjuan@gmail.com', 24, 4, 'hola                            '),
(29, 'Psicologa', '$2y$10$DuK/4wNIHsC2sGqUV49cpOQzNaBh8wEAHUdqI0oA7ad', '2024-08-28 09:40:39', '', 0, '', 'psicolo.prueba@gmail.com', 28, 1, 'TEXTO DE PRUEBA                            ');

-- --------------------------------------------------------

--
-- Estructura de tabla para la tabla `usuarios`
--

CREATE TABLE `usuarios` (
  `id` bigint(20) UNSIGNED NOT NULL,
  `email` varchar(255) NOT NULL,
  `email_verified_at` timestamp NULL DEFAULT NULL,
  `password` varchar(255) NOT NULL,
  `rol` enum('psicologo','paciente','administrador') NOT NULL,
  `fotoPerfil` varchar(255) DEFAULT NULL,
  `remember_token` varchar(100) DEFAULT NULL,
  `created_at` timestamp NULL DEFAULT NULL,
  `updated_at` timestamp NULL DEFAULT NULL
) ENGINE=InnoDB DEFAULT CHARSET=utf8mb4 COLLATE=utf8mb4_unicode_ci;

--
-- Volcado de datos para la tabla `usuarios`
--

INSERT INTO `usuarios` (`id`, `email`, `email_verified_at`, `password`, `rol`, `fotoPerfil`, `remember_token`, `created_at`, `updated_at`) VALUES
(1, 'test@correo.com', NULL, '$2y$10$rhAdDLqu6HA/V2pTE6nU/uBs8XGyN07aD68sMkwFmTDzMjsNWiVxS', 'psicologo', 'https://images.ctfassets.net/h6goo9gw1hh6/2sNZtFAWOdP1lmQ33VwRN3/e40b6ea6361a1abe28f32e7910f63b66/1-intro-photo-final.jpg?w=1200&h=992&fl=progressive&q=70&fm=jpg', NULL, NULL, NULL),
(2, 'admin@correo.com', NULL, '$2y$10$aArQ6bf5WGpSNhH9A1TJH.NQt10lueBZ6ypIymTcXkETtSVrZ95Aq', 'administrador', 'https://psicologiayempresa.com/wp-content/uploads/2010/11/hombreoficina.jpg', NULL, NULL, NULL),
(4, 'maria40@correo.com', NULL, '$2y$10$86SsZ2X8B2jsT6iuDBpEauFYkn4bNOeJsEfa5Vbqk9pMkYd1N8dmG', 'paciente', 'https://images.ctfassets.net/h6goo9gw1hh6/2sNZtFAWOdP1lmQ33VwRN3/e40b6ea6361a1abe28f32e7910f63b66/1-intro-photo-final.jpg?w=1200&h=992&fl=progressive&q=70&fm=jpg', NULL, NULL, NULL),
(6, 'paolo@correo.com', NULL, '$2y$10$u/2WblN829EvgdIWf8.76u1b4JPDowdve0BIWFxx2ooGj5KiHPa0y', 'psicologo', 'https://media.istockphoto.com/id/1316604492/es/foto/retrato-de-perfil-de-un-hombre-de-mediana-edad-sobre-fondo-gris.jpg?s=612x612&w=0&k=20&c=SK7l8rlAnPVAuxRJZYZvHTFG0qeU_jYoVpqY3nIpJRA=', NULL, NULL, NULL),
(7, 'fabrizio@correo.com', NULL, '$2y$10$RZWswEN.hXK0MPnMwtO1s.2PgfHbY2tVuqwU11r6objt2.yLrVJO2', 'psicologo', 'https://images.ctfassets.net/h6goo9gw1hh6/2sNZtFAWOdP1lmQ33VwRN3/e40b6ea6361a1abe28f32e7910f63b66/1-intro-photo-final.jpg?w=1200&h=992&fl=progressive&q=70&fm=jpg', NULL, NULL, NULL),
(8, 'sara@example.com', NULL, '$2y$10$DiZyPuUmpAb9ghOpv6TeJOWSEH6i7cv53toJ9BM1e52vz6QL9MqDW', 'psicologo', 'https://pub-static.fotor.com/assets/projects/pages/d5bdd0513a0740a8a38752dbc32586d0/fotor-03d1a91a0cec4542927f53c87e0599f6.jpg', NULL, NULL, NULL),
(9, 'manolo@example.com', NULL, '$2y$10$WcdD.Fk4U6ie.H6trLoZ8eiAKJ0bKsoSHybM65muY2lhvxSI1DFqe', 'psicologo', 'https://images.ctfassets.net/h6goo9gw1hh6/2sNZtFAWOdP1lmQ33VwRN3/e40b6ea6361a1abe28f32e7910f63b66/1-intro-photo-final.jpg?w=1200&h=992&fl=progressive&q=70&fm=jpg', NULL, NULL, NULL),
(13, 'test19@correo.com', NULL, '$2y$10$sZ4u36NGE6W50YvQ7RQFJOaXmeWPBhRvKlngDe34F4dduuJLyEqwi', 'psicologo', 'https://media.istockphoto.com/id/1316604492/es/foto/retrato-de-perfil-de-un-hombre-de-mediana-edad-sobre-fondo-gris.jpg?s=612x612&w=0&k=20&c=SK7l8rlAnPVAuxRJZYZvHTFG0qeU_jYoVpqY3nIpJRA=', NULL, NULL, NULL),
(14, 'alexandrasharmelychalcoestrell@gmail.com', NULL, '$2y$10$GblEH8pXVplGCrmDqOP2muLUu7ggnFjZ7GWN8y00C0VuzhVb7ggy.', 'psicologo', 'https://w7.pngwing.com/pngs/129/292/png-transparent-female-avatar-girl-face-woman-user-flat-classy-users-icon.png', NULL, NULL, NULL),
(15, 'cami2000pecho@gmail.com', NULL, '$2y$10$CMqNAc2dei7An9V.D4dbF.vQyni07HJZoYKsP8IhNkFEhuwphiY6.', 'psicologo', 'https://w7.pngwing.com/pngs/129/292/png-transparent-female-avatar-girl-face-woman-user-flat-classy-users-icon.png', NULL, NULL, NULL),
(24, 'donjuan@gmail.com', NULL, '$2y$10$KEDanF9sk95yxjtJM1X0LO/VTHQJiirSg0PlhER0ySTU5Et7Ovv1i', 'psicologo', 'https://imgs.search.brave.com/L6E1FfArrDbN_RJnY7DfkrCbgrrCfAsMcd6AH0zDQlg/rs:fit:500:0:0:0/g:ce/aHR0cHM6Ly93d3cu/dGVyYXBpZnkuY29t/L19uZXh0L2ltYWdl/P3VybD0vX25leHQv/c3RhdGljL21lZGlh/L3NlcnZpY2VzLXNl/Y3Rpb24uZTUyNjQ5/MDIucG5nJnc9MTA4/MCZxPTc1.jpeg', NULL, NULL, NULL),
(28, 'psicolo.prueba@gmail.com', NULL, '$2y$10$DuK/4wNIHsC2sGqUV49cpOQzNaBh8wEAHUdqI0oA7ad', 'psicologo', 'https://www.terapify.com/blog/wp-content/uploads/2024/03/psicologo-1024x683.png', NULL, NULL, NULL);

-- --------------------------------------------------------

--
-- Estructura Stand-in para la vista `vista_psicologo_info`
-- (Véase abajo para la vista actual)
--
CREATE TABLE `vista_psicologo_info` (
`NombrePsicologo` varchar(30)
,`celular` int(9)
,`email` varchar(255)
,`video` varchar(500)
,`Especialidad` varchar(100)
,`introduccion` varchar(100)
);

-- --------------------------------------------------------

--
-- Estructura para la vista `vista_psicologo_info`
--
DROP TABLE IF EXISTS `vista_psicologo_info`;

CREATE ALGORITHM=UNDEFINED DEFINER=`root`@`localhost` SQL SECURITY DEFINER VIEW `vista_psicologo_info`  AS SELECT `p`.`NombrePsicologo` AS `NombrePsicologo`, `p`.`celular` AS `celular`, `p`.`email` AS `email`, `p`.`video` AS `video`, `e`.`nombre` AS `Especialidad`, `p`.`introduccion` AS `introduccion` FROM (`psicologo` `p` join `especialidad` `e` on(`p`.`especialidad_id` = `e`.`id`)) ;

--
-- Índices para tablas volcadas
--

--
-- Indices de la tabla `areafamiliar`
--
ALTER TABLE `areafamiliar`
  ADD PRIMARY KEY (`IdFamiliar`),
  ADD KEY `fk_paciente_familiar` (`IdPaciente`);

--
-- Indices de la tabla `atencionpaciente`
--
ALTER TABLE `atencionpaciente`
  ADD PRIMARY KEY (`IdAtencion`),
  ADD KEY `fk_paciente` (`IdPaciente`),
  ADD KEY `fk_enfermedadd` (`IdEnfermedad`);

--
-- Indices de la tabla `cita`
--
ALTER TABLE `cita`
  ADD PRIMARY KEY (`IdCita`),
  ADD KEY `fk_paciente_cita` (`IdPaciente`),
  ADD KEY `fk_cita_psicologo` (`IdPsicologo`);

--
-- Indices de la tabla `contacto`
--
ALTER TABLE `contacto`
  ADD PRIMARY KEY (`id`);

--
-- Indices de la tabla `departamento`
--
ALTER TABLE `departamento`
  ADD PRIMARY KEY (`id`);

--
-- Indices de la tabla `distrito`
--
ALTER TABLE `distrito`
  ADD PRIMARY KEY (`id`),
  ADD KEY `fk_distrito_provincia` (`provincia_id`);

--
-- Indices de la tabla `enfermedad`
--
ALTER TABLE `enfermedad`
  ADD PRIMARY KEY (`IdEnfermedad`);

--
-- Indices de la tabla `especialidad`
--
ALTER TABLE `especialidad`
  ADD PRIMARY KEY (`id`);

--
-- Indices de la tabla `paciente`
--
ALTER TABLE `paciente`
  ADD PRIMARY KEY (`IdPaciente`),
  ADD KEY `fk_paciente_psicologo` (`IdPsicologo`),
  ADD KEY `fk_paciente_departamento` (`IdDepartamento`),
  ADD KEY `fk_paciente_provincia` (`IdProvincia`),
  ADD KEY `fk_paciente_distrito` (`IdDistrito`);

--
-- Indices de la tabla `posts`
--
ALTER TABLE `posts`
  ADD PRIMARY KEY (`id`),
  ADD KEY `psicologo_id` (`psicologo_id`);

--
-- Indices de la tabla `provincia`
--
ALTER TABLE `provincia`
  ADD PRIMARY KEY (`id`),
  ADD KEY `fk_provincia_departamento` (`departamento_id`);

--
-- Indices de la tabla `psicologo`
--
ALTER TABLE `psicologo`
  ADD PRIMARY KEY (`IdPsicologo`),
  ADD KEY `fk_especialidad_id` (`especialidad_id`);

--
-- Indices de la tabla `usuarios`
--
ALTER TABLE `usuarios`
  ADD PRIMARY KEY (`id`),
  ADD UNIQUE KEY `usuarios_email_unique` (`email`);

--
-- AUTO_INCREMENT de las tablas volcadas
--

--
-- AUTO_INCREMENT de la tabla `areafamiliar`
--
ALTER TABLE `areafamiliar`
  MODIFY `IdFamiliar` int(11) NOT NULL AUTO_INCREMENT, AUTO_INCREMENT=2;

--
-- AUTO_INCREMENT de la tabla `atencionpaciente`
--
ALTER TABLE `atencionpaciente`
  MODIFY `IdAtencion` int(11) NOT NULL AUTO_INCREMENT, AUTO_INCREMENT=14;

--
-- AUTO_INCREMENT de la tabla `cita`
--
ALTER TABLE `cita`
  MODIFY `IdCita` int(11) NOT NULL AUTO_INCREMENT, AUTO_INCREMENT=33;

--
-- AUTO_INCREMENT de la tabla `contacto`
--
ALTER TABLE `contacto`
  MODIFY `id` int(11) NOT NULL AUTO_INCREMENT, AUTO_INCREMENT=27;

--
-- AUTO_INCREMENT de la tabla `enfermedad`
--
ALTER TABLE `enfermedad`
  MODIFY `IdEnfermedad` int(11) NOT NULL AUTO_INCREMENT, AUTO_INCREMENT=248;

--
-- AUTO_INCREMENT de la tabla `especialidad`
--
ALTER TABLE `especialidad`
  MODIFY `id` int(11) NOT NULL AUTO_INCREMENT, AUTO_INCREMENT=6;

--
-- AUTO_INCREMENT de la tabla `paciente`
--
ALTER TABLE `paciente`
  MODIFY `IdPaciente` int(11) NOT NULL AUTO_INCREMENT, AUTO_INCREMENT=65;

--
-- AUTO_INCREMENT de la tabla `posts`
--
ALTER TABLE `posts`
  MODIFY `id` int(11) NOT NULL AUTO_INCREMENT, AUTO_INCREMENT=26;

--
-- AUTO_INCREMENT de la tabla `psicologo`
--
ALTER TABLE `psicologo`
  MODIFY `IdPsicologo` int(11) NOT NULL AUTO_INCREMENT, AUTO_INCREMENT=30;

--
-- AUTO_INCREMENT de la tabla `usuarios`
--
ALTER TABLE `usuarios`
  MODIFY `id` bigint(20) UNSIGNED NOT NULL AUTO_INCREMENT, AUTO_INCREMENT=30;

--
-- Restricciones para tablas volcadas
--

--
-- Filtros para la tabla `areafamiliar`
--
ALTER TABLE `areafamiliar`
  ADD CONSTRAINT `fk_paciente_familiar` FOREIGN KEY (`IdPaciente`) REFERENCES `paciente` (`IdPaciente`) ON DELETE CASCADE;

--
-- Filtros para la tabla `atencionpaciente`
--
ALTER TABLE `atencionpaciente`
  ADD CONSTRAINT `fk_enfermedad` FOREIGN KEY (`IdEnfermedad`) REFERENCES `enfermedad` (`IdEnfermedad`),
  ADD CONSTRAINT `fk_enfermedadd` FOREIGN KEY (`IdEnfermedad`) REFERENCES `enfermedad` (`IdEnfermedad`),
  ADD CONSTRAINT `fk_paciente` FOREIGN KEY (`IdPaciente`) REFERENCES `paciente` (`IdPaciente`) ON DELETE CASCADE;

--
-- Filtros para la tabla `cita`
--
ALTER TABLE `cita`
  ADD CONSTRAINT `fk_cita_psicologo` FOREIGN KEY (`IdPsicologo`) REFERENCES `psicologo` (`IdPsicologo`) ON DELETE CASCADE,
  ADD CONSTRAINT `fk_paciente_cita` FOREIGN KEY (`IdPaciente`) REFERENCES `paciente` (`IdPaciente`) ON DELETE CASCADE;

--
-- Filtros para la tabla `distrito`
--
ALTER TABLE `distrito`
  ADD CONSTRAINT `fk_distrito_provincia` FOREIGN KEY (`provincia_id`) REFERENCES `provincia` (`id`);

--
-- Filtros para la tabla `paciente`
--
ALTER TABLE `paciente`
  ADD CONSTRAINT `fk_paciente_departamento` FOREIGN KEY (`IdDepartamento`) REFERENCES `departamento` (`id`),
  ADD CONSTRAINT `fk_paciente_distrito` FOREIGN KEY (`IdDistrito`) REFERENCES `distrito` (`id`),
  ADD CONSTRAINT `fk_paciente_provincia` FOREIGN KEY (`IdProvincia`) REFERENCES `provincia` (`id`),
  ADD CONSTRAINT `fk_paciente_psicologo` FOREIGN KEY (`IdPsicologo`) REFERENCES `psicologo` (`IdPsicologo`) ON DELETE CASCADE;

--
-- Filtros para la tabla `posts`
--
ALTER TABLE `posts`
  ADD CONSTRAINT `posts_ibfk_1` FOREIGN KEY (`psicologo_id`) REFERENCES `psicologo` (`IdPsicologo`) ON DELETE CASCADE ON UPDATE CASCADE;

--
-- Filtros para la tabla `provincia`
--
ALTER TABLE `provincia`
  ADD CONSTRAINT `fk_provincia_departamento` FOREIGN KEY (`departamento_id`) REFERENCES `departamento` (`id`);

--
-- Filtros para la tabla `psicologo`
--
ALTER TABLE `psicologo`
  ADD CONSTRAINT `fk_especialidad_id` FOREIGN KEY (`especialidad_id`) REFERENCES `especialidad` (`id`);
COMMIT;

/*!40101 SET CHARACTER_SET_CLIENT=@OLD_CHARACTER_SET_CLIENT */;
/*!40101 SET CHARACTER_SET_RESULTS=@OLD_CHARACTER_SET_RESULTS */;
/*!40101 SET COLLATION_CONNECTION=@OLD_COLLATION_CONNECTION */;
